source,pub_date,title,summary,url,fetched_at
et_topstories,2026-05-02,Rohit Jain to replace T Rabi Sankar as RBI dy guv,,https://economictimes.indiatimes.com/news/economy/policy/rohit-jain-appointed-rbi-deputy-governor-for-three-year-term/articleshow/130713553.cms,2026-05-03
google_hi_lahsun,2026-05-02,"Kota Mandi Bhav : सोयाबीन, सरसों तेज, चना व लहसुन मंदा - Patrika News","Kota Mandi Bhav : सोयाबीन, सरसों तेज, चना व लहसुन मंदा    Patrika News",https://news.google.com/rss/articles/CBMitwFBVV95cUxOa2c5dmtGTzhGanJaQkV5T1BwVzhPejNfQ1dFMHVyNUdZbkFwRGxPZXpVcVYtc0ZIN1RGeXdIZjIyc3BmaU5nV2lnNloxVVEwaUhndlhTUXFDTF9WUzFfempmNVpSTlpDZndFQVNPZ3pXV2NjcEFxUkdXREVkakp0TGRLbXhPNmFCckZXQS1EWFJ2bS1kSFRkS2RjeHpzTDhBcnRDTDI2dHJibW9RRjdEaEFuU0tBU03SAbwBQVVfeXFMTjhzczVpXzhqd2lTc0RKTFZXYkl3ZWRrbi1NSkdjZkxjczJOQTJ3cE9LTl9aMVQ0TUhqdXd6X193TDhqVU5IdFV0MHotRmJQQkpxZjc1OUFZYVRkeDAweFdDWWQtSGlJeGdmeDBIMm5OMVNJdHJGSXdRSk5nempkLVVsS0tDS2p1WnFOTmFMVUZZS1BiQ29FUnYydUw3Q1lqVTVUOU1BT3I4TzVPRDZiY1NBNnE3djZGanlUQWE?oc=5,2026-05-03
google_hi_lahsun_mandi,2026-05-02,"नीमच कलेक्टर बोले-गेहूं के परिवहन की गति बढ़ाएं: कहा-किसानों की सुविधा प्राथमिकता, जीरन मंडी में लहसुन उत्प... - Dainik Bhaskar","नीमच कलेक्टर बोले-गेहूं के परिवहन की गति बढ़ाएं: कहा-किसानों की सुविधा प्राथमिकता, जीरन मंडी में लहसुन उत्प...    Dainik Bhaskar",https://news.google.com/rss/articles/CBMiuwFBVV95cUxPT1pXcU5KRDNKODNhM1REQmw1S3BXRUt2UWVTSmdPZ0xpaVAwZ0xxYUJyRnlDWEZuaUk0OFVnNU1TdUVsN3lKMUNYaTlhcWRGNEdsUk1QdXV0LVliTHE2UEhGeVJKam1oLWszVEppb015VG9tRUVlOEdMNmc2QlF5V05QMjNRMkJOQUJEQlkwUkh6dktQRFpRLVR5Vk92bWhSRDIxa1VtUEgySkpLdEV2WlBjaU8ya0lra0p30gHAAUFVX3lxTE5xQVBLUHA1TmpFR2NQZGVtVVVJNklYUUN2VzgxY0IxNkVxcU5JX181TnltSm9YQWs4b0pkVEdSczgtRTNUWFFvOFRSeFEwRUtlZ0U0UlBpaGVKMldkemVzcEVSVGJUaDdXTFhpbDM3ZmtNUURkZTcwdlVuVUY4VlIxVndlano2UGFycUVQR2pBd181dUowSnNXQllkUWZGZ09KMGRGYThFZVQtU0tpZ0xYMmZMdV9DMnR4cjRRM2RweQ?oc=5,2026-05-03
google_hi_lahsun_mandi,2026-05-02,छबड़ा मंडी में लहसुन की 4000 से अधिक कट्टी आवक: उच्च गुणवत्ता वाले का भाव 14500 रुपये प्रति क्विंटल रहा - Dainik Bhaskar,छबड़ा मंडी में लहसुन की 4000 से अधिक कट्टी आवक: उच्च गुणवत्ता वाले का भाव 14500 रुपये प्रति क्विंटल रहा    Dainik Bhaskar,https://news.google.com/rss/articles/CBMivgFBVV95cUxOWFFqcDRnT29XaXhsZ0JneWpWcXl5M210Vm5JQmdUQzUxQm16TW5DcEp0OFNob0FmZkJLVURiZ3lhZGRWUUhJSVJKZ0c4ekN0b0JkZVlnVW12MHlURGlqUWhPWm1wRnlSQkt1TzBGMDY0WW8wcXZQa1UxQU5ZZ1pjbkRSdS1uQldxYWEybGtRaVVHeGNxX3p2d2hKQVI2bmlmcmVsWVRnWnJTVHlsY09LMkNYamRzdGFWVVRzWHNB0gHDAUFVX3lxTE10cWQ0UnhkU3NLSG5ZQmt0S3puVDNlS0EtVDBUMG5sdE5HWjNfNFdFUWxqblc0a3Vfa1pFdnN2QS1RX0FENGJRMW5MVlpIOHAzQ0E2SWZIdHNiaDNNWWstYy1OVGhYUUxhUl9USEQtQkg5S1FZTVJYeU9PU3dzYmNoZXpqeFNRWjd1bnkySUhoSXhyXzJfTm42cF94QlZfaEJoeWlQejNpZUtNeHpEenNkRXF5OFVHVC1EanZqMmNQanBwcw?oc=5,2026-05-03
google_hi_lahsun_mandi,2026-05-02,"Mandi News: अंधड़ और बारिश से गेहूं, प्याज और लहसुन की फसल को नुकसान, किसान चिंतित - Amar Ujala","Mandi News: अंधड़ और बारिश से गेहूं, प्याज और लहसुन की फसल को नुकसान, किसान चिंतित    Amar Ujala",https://news.google.com/rss/articles/CBMi8AFBVV95cUxPZ0ZHYkg5b29aY2Y3NzN6bzF6S3h4VWl0ZlJpaEozcUpuMzBTZWFRTDdicWJqZklCYkxlT09PbkNINEtRamtfSXFGdnNSQ1dkMlJFbFZwR21DaW9mZUpPRVBweWRIdEVKYk9OU2NJcUsyT19nS01hdjVqdkRpNE9La0VwbE9GV1dkT3c2NVJEOXBhSEcyeEJJcHVZcDJNWEJRYmNkTzdfaURJVElRZUh1SDZUUTNXN2V5X2lNVlA1UDg2dVJXXzRvdWVyVU1Rb1pnRmFJb1JYem5USzlqdG4yd2NqcHNWSWMzZUhUdXl6dmbSAfYBQVVfeXFMT2VwV3hxUTZXNHJVRk5oWk1RMUVGa1JDVi1kZWNMdnN5d1JHU2FFRk5HbHVuOWFLaEpyM1VPVF94c0p0QWFlR3lhdjZHMUUyZnNoYWtTVWt6MjVHWHhXWXY1T0piWVFuWUtpMkx4Z3RLR1NMVkNqNUJmVzAtdmIzS1hFWVA1WFJGemliYW9WMVFwU0FmQi15eEJZYURLQ1p6RFRqLW9FeEVKbHpjNHJTYkp5cGJvUmVXSW1CQzZCRE4yZFdWUVA3Um8xaTR3MkI3X21HS0hVa1I5YXN0b1NSN25tYTl6U092NExidVdtMTNJM1Fpdlh3?oc=5,2026-05-03
google_hi_lahsun,2026-05-01,Kota Mandi Bhav : सोयाबीन व लहसुन तेज - Patrika News,Kota Mandi Bhav : सोयाबीन व लहसुन तेज    Patrika News,https://news.google.com/rss/articles/CBMikwFBVV95cUxNcGpmenJyY1BJa0w5UTdmNndsamI2bFNKQzJ3X3dRUHFDV2ZRMWxmX1Vlc1NsT2kzOUlUU0xzMGtCNnA5MjBnV09RTHJlRlh1Um5xbUxsdXJNM1hpejVHMFJTZmJydXlmN2JyX1BsZVJYLUdGQVhBc3BPdU9BODF2aWJyaThlazZ0QjV1dUtWT2hxUzTSAZgBQVVfeXFMT19fR3J1WF9zajRRODB3Nkl2R2VPUGxpUUJKTkI4TVlNbXA1eVpNYWgyMDFXZmNzbFVSZ2xrUDNBX1IwbGtYVzY3LTRlUXhuVzR1bl9GRWRCNWVIYWRjQXJCN1NkeWxPSU9uUm5uakF6OFNZSHE4dXBOQjNDangxTEllZTVKWU01MXE0T1JqU3BNdTM2UmxkOFE?oc=5,2026-05-03
google_hi_lahsun,2026-04-30,"उच्च गुणवत्ता वाले लहसुन का भाव 12,200 प्रति क्विंटल, देशी के साथ ऊटी की डिमांड बढ़ी - Dainik Bhaskar","उच्च गुणवत्ता वाले लहसुन का भाव 12,200 प्रति क्विंटल, देशी के साथ ऊटी की डिमांड बढ़ी    Dainik Bhaskar",https://news.google.com/rss/articles/CBMisgFBVV95cUxOeGJfMC1NV09iMkZveElVTXNRMkY5NEJTRndlUmZ4N2dHRXhCRlJSQm83SWN0Snh0RDdZTUFGYURUSm1iTV9HTHJLRkpWMGZBa1hzY2VTTWM1R1VJMktYTUNjb0REemFIcGU3dmFSNkc0WjBwNHJhcnczZFJNZEUxREhLUkw0VWtJZ1dnQmZFRFI1REF3RlJxMk80MDlZSmZuTklFQ2ZIT3RENlBWRGF2dVln?oc=5,2026-05-03
google_hi_lahsun_mandi,2026-04-30,"मनोहर थाना में लहसुन मंडी शुरू: पहली बोली 32800 रुपए प्रति क्विंटल लगी, किसानों को राहत - Dainik Bhaskar","मनोहर थाना में लहसुन मंडी शुरू: पहली बोली 32800 रुपए प्रति क्विंटल लगी, किसानों को राहत    Dainik Bhaskar",https://news.google.com/rss/articles/CBMiyAFBVV95cUxOZHB0cnlPR3NMRkhJY3d0d1hvWmR6VzlYRjFVdk9hRG9HQ212TkZwNzRHbWJGTGNYRndyVi1KX25Cem5MZ2dJazBsOE1jYlZBZVJRRnhhai1pdDUwQXV0QW1ZUk00UU5LVTEzSWZlbHk3Z0RUQm1vZGYwRE5XRmhBQ3BObDFMLTZwSGRKbDgwVERBcjBreExkUFcyaG5Qd2ZaRlpfR0pPUURyYTMyRDZLWlF4LUNLQVdlR3FVclN0OWQxRlRpYWNtdtIBzgFBVV95cUxPNGlITlZhRkRlVndQQjVvOVpLT09sVjZiQl9pZi1mQmxtMHVsN29uQ0hMdC1pd1JkQ1ZLNlpRMWZ3c0NzdllZVWo4THNzZzB5S0dkSW83QUU2NS1kamljcWYwWndnOVZaWWRDclFFclFNWkdPSmI5Z0QzZmtLQmZSb2ZaTnBKTEtoaklHOW1kTmliTENUbThhYmxsbVIxNXowTDlYNGp1OEU1UE0yb2YwaDFlTjNKV0syRWYxOVhFVi1Icmh6dmVUcHNzVGoxQQ?oc=5,2026-05-03
google_hi_lahsun,2026-04-30,"छबड़ा लहसुन मंडी में 5 हजार कट्टों की आवक: उच्च गुणवत्ता वाले लहसुन का भाव 12,200 प्रति क्विंटल, देशी के साथ... - Dainik Bhaskar","छबड़ा लहसुन मंडी में 5 हजार कट्टों की आवक: उच्च गुणवत्ता वाले लहसुन का भाव 12,200 प्रति क्विंटल, देशी के साथ...    Dainik Bhaskar",https://news.google.com/rss/articles/CBMisAFBVV95cUxOLUg0aWJxa2g3TkZCSFpvTmhWNHJFQk1NMDBEMG12QVJzOXcwRWVUU2JTUHFxX0c3ako4QWJVY292a2RJaExvU1d3MHIycWE4Rk1IdEdrT2FPRFFHVVZRdmRicDZrSGViOVVNdm5WY21KQW9SX3dIaERXT0VrV0VtUUVfZWRDV3VSU1F3V0FZUUlfQmp6c3pXcHdEQ20yRzlaalRCUXVKakVtVnk4bnZFUtIBtgFBVV95cUxQa3RyWkpjUXhQdFlpQ0xYVlRIdmdhcXpwckhhT05yUFE1OTh5M2daM25NTUg1MXhLRHRzX0daZlMzYXlGbVYzLUxLZFlINWJoQXhBUEVOaUtoMlNFT2NZajlmb0p2OExwWGljOGNGTUVMVkpQRy1YTDkybjUzZDlnS2t6aTNqSVMwY2FYcUJUaTU0WnpheU9sLUVmMHVnM2V3QlFBcGZWdnFHV2NEN2Z5NWNOTjhsUQ?oc=5,2026-05-03
google_hi_lahsun,2026-04-28,"Rajasthan: लहसुन पर मौसम की मार, भाव तो मिला बंपर पर पैदावार ने तोड़ी किसानों की कमर, मंडियों में पसरा सन्नाटा - Amar Ujala","Rajasthan: लहसुन पर मौसम की मार, भाव तो मिला बंपर पर पैदावार ने तोड़ी किसानों की कमर, मंडियों में पसरा सन्नाटा    Amar Ujala",https://news.google.com/rss/articles/CBMivgFBVV95cUxQQnUxbHdGa3hKVUlVYzNGYUozZFd6SVZ1UmlUb18xU3dPUWRrbFpsOVdQN3VzeUc0U2ZTcTdOaFc3THNidWtlSjJJMERUTGpNcERSTE1sdW82dVNCc1RMVkVIMGZ1QlRnZ003NGMwTkstbU9ibUtTVG8yamRwTkVZMlZlelFGV2Zjd1hDbW16T05rQjZ6TmYzNWRxeXJLZUxnVllJZWU3LVNGR25WbEJ5LWZrNEJMSHZNZVFoSFB30gHDAUFVX3lxTE9id0xIUG9qUDN0MUt6aEFpeDdwWGdhbWM4STBIUFI3TmpCYTJBbGF0cU01TWJDZUZYY2w5WDAtR25STW5GeUxnSmk5djc5QUxlSWxoS003YXhleUY4QUFtdF80MWJITkRyX09iWXdwRVBHTXJRX2hRRmlBU2hWRjdZQ3Y5RklENmk4QmtIN0xHNEZObFMxdjZqVmg0RENYeHBrQV9jbzN6NFhtZDhibkhuTUlWbW1rdmhyTko1RmJYTFNoRQ?oc=5,2026-05-03
google_hi_lahsun,2026-04-28,"छबड़ा मंडी में 6000 कट्टी से अधिक आवक: लहसुन 12200 रुपए प्रति क्विंटल तक बिका, किसानों को उपज की गुणवत्ता के... - Dainik Bhaskar","छबड़ा मंडी में 6000 कट्टी से अधिक आवक: लहसुन 12200 रुपए प्रति क्विंटल तक बिका, किसानों को उपज की गुणवत्ता के...    Dainik Bhaskar",https://news.google.com/rss/articles/CBMizgFBVV95cUxQSGNyQzUwNjdSb2RTRGpMTlhZTExkYWVMU1RWSElqSnl6bDlDRVpEVXFZNHlHVDd3V21CU05Zc0FURWoxQ0ZrSnZxNlVpcW40Q3Y5VE1pd1QyeDVFNWNBRnI0TkRUelFLSkRiYnFOVGtDdW9QOTFNVUF5RmRxdVdpZnI4UVBTU1NZbi1BWmV1bW16RU4xaWhBUWRYanRFZFdhU3ZneDlLOXNiZVJEaU56cXJiZnZ3bTdNa1lvd09YLVRIWHlXV2N4TUlwZ0UwZ9IB0wFBVV95cUxPcGowZkhrcksyNTRGaXFOT09RV2E0UVhjWEFBZ0hNVERVbjRQWWMzMDhXSzlES1JlbjNoNm44TW5NVS0xaFV2SGdSZWFLRXE3TDlRWE5jbVk2WE9LdHFmOWU4MWdfcXRtNFMtUVoxRjVYUWpzMjc5ek1FWXFEMDY0UlNmQ1JUOVp0Wnk1VjRaWi1sWG1tUzFlZmJJWUVqNkpSWTlPWWdER0RCNHI5bzFqSWdMdnc3Z1MyaUdsVnBTbTYxSmN3RHVrNlBYSGdCRXZablA0?oc=5,2026-05-03
google_hi_lahsun_mandi,2026-04-27,"Solan News: सोलन मंडी में पहुंचा लहसुन, क्वालिटी के हिसाब से मिल रहे दाम - Amar Ujala","Solan News: सोलन मंडी में पहुंचा लहसुन, क्वालिटी के हिसाब से मिल रहे दाम    Amar Ujala",https://news.google.com/rss/articles/CBMi-wFBVV95cUxNeklZZW10cXFHXzhPN05uc3lmZkF2YVJvME40SEJqN1p2QmVtUHk2TzBEaUdPVzFHd1hkMzFoemo5VUdUdm1kMmtGanBKR3dhbzFuUmVqWlpXaHJlOVlMY0lwQzZQWjBiVGtVWVJkS21HdEI3ZlFJSlZmWGhDVEI0YjRuVlMyNUNQQTc5Y3BrdDJKLWdLVVpBTU5lbENYOVJhR2ZCc3cwOTRNSV9hOUdRWE1rSFl4QXFRTldiY3V2WkUzRlB0V0wtSEQtNkpkaTlmWTkwYTMtN3BUcTMxd0trQnJjMmctY1RmM0g3OTlOLWowOXdXRE52QVluNNIBgAJBVV95cUxNUW44U1ByM0c2b2dQSWkzSHV1Z0VlUV9TLUg0R2ZodE9KN3B6VVpIdDNOb3NvT2F0Z1Q0WjlNMlB3bEVXdGViRTdHVUMxQXd0VVFRT3B4OENkSzFzMlpOaHpaUkJzWWRXb3FSN1R0Nm5WR0dmR1dOTjdrV3pPMmhUTjgzWmljZXZNaU5UczBIZDc2a3VpNGh0clM0TUoyWmZxcVlnSjVLbk1kZ1FGY1FmWWtxNXU2TnROdjF4WjFtbjllZ1ZRUEhvaTMybmVfWnZVRG1MZDhMWHNjUm5HM0Fzd3VuMHp3QjFHMzFGUHZ4eE43RmVqM04wUkRLSVJwdW9E?oc=5,2026-05-03
google_hi_lahsun_mandi,2026-04-27,"हरनावदा जागीर लहसुन मंडी में किसानों को मिले ऊंचे भाव: 9,164 कट्टी आवक, बेस्ट क्वालिटी 17,600 तक बिका - Dainik Bhaskar","हरनावदा जागीर लहसुन मंडी में किसानों को मिले ऊंचे भाव: 9,164 कट्टी आवक, बेस्ट क्वालिटी 17,600 तक बिका    Dainik Bhaskar",https://news.google.com/rss/articles/CBMi0wFBVV95cUxQR1MwTGZIOTJLWmVxT0x3dHVwamtNYjEweEtKanN3cENBZHZpcnp0TTZmbm1RQko0azBYalNBa0NQM0VEc3pCZXVUOGQ0dEpPS05kM1RmTzdHN3VSUTJuYlNoV0JiWFdEYmNPVTBlUW9uTm80ekpWZGR5NFd3akgzNW5BSm5HdllMdmdvajFHT2ZGbnpCY3VVUnlMVDZaQlVWekg2VEtPeElwVzNqTnUxT2NiYWhjNllEdjZKTEdNdy0wNS1YUWktSHY5ZW9pNm5HdmlB0gHYAUFVX3lxTE9sTjRMTHFHT0l4WG13bU9XZzBsbm9Udi1aUXpVcHBCNGhtSTNhVXpHX04zVE5iUmRwejVIRmoyUWNXeXhYWXhQU1Nxa2RBNWdnSTF2OTFSbl9SdmJoWTlEemdTdUNHQjZucGtHd0R6b0hoRjFDY1hLUElmblFUNXk0WjdOcFJrbGV0MlNOSG94QXRORTROWEtkR3VFeFJyRE1fV3RoeFlscTNCSktocFphOHRuRUliY2FIU2ZyeDZvZ3BiVGU0S0wtZVI3UnB4QlpDVm1tRTdmWQ?oc=5,2026-05-03
google_hi_lahsun_mandi,2026-04-25,"Muhana Mandi Jaipur : थोक मंडी में आज टमाटर हो रहा सस्ता, नींबू के दाम ऊपर, हरी मटर भी महंगी - Patrika News","Muhana Mandi Jaipur : थोक मंडी में आज टमाटर हो रहा सस्ता, नींबू के दाम ऊपर, हरी मटर भी महंगी    Patrika News",https://news.google.com/rss/articles/CBMi3gFBVV95cUxON0dLTmRxQklGdHFHTkRSZ255N0lNcHFUMnQzZm5DaHFyWWh0bXJUMkJtWDd4S2kwQ29pYXlwOWxSZW5qcVN4UVRoa3BsUS02MzJPcENQVk95Uk9EbFBCQ2gtYmFYNm5XdExXRDdxcnFIdjh3Y1k1Z0stUnE5SnJ5alV4cGZTaUwyNlU3TVdhOUlBSl9TMmQxLUdlcTRsaEpxS1VrY2ZmaFZiTUN2c182ZHRZZk42dDYteEI4THBNZ2V6R0lnVFNVbW5HUHdvWHY3cEhKYXVBd1FHc2tqY0HSAeMBQVVfeXFMTkVHUk1NTXFwLW1mTl9fY0U1UGRSQU41YzRnTzhhYzNMckFwLS1jOWJoeEV1OFVpRjBlUmR4bWlLaTJXM19GNzJ2OWVXVFRpSUZZNXZkNU0tenRGd3JIM3hOVFlYTjlORUplN29HV1hrbHN5R3F6UlppY3lrS1JIdXZXaG1FWXBmTnZmVWVYRFBWOWRJZnJUYzE0NWFTbHN3MEtXZ1BlMHVFRU5ybnVCdjlRV1dfSGFnRFZjbmxxcndKYnBmT2NGbGFvanFYMzBZSUo0UGxFQjBSMTV1UUpIWkRPb1U?oc=5,2026-05-03
google_hi_lahsun,2026-04-25,24 अप्रैल सीहोर मंडी लहसुन भाव 🔥 | आज का ताजा रेट Garlic Price Today Sehore Mandi (ZrWQmJ4mDQ) - fathomjournal.org,24 अप्रैल सीहोर मंडी लहसुन भाव 🔥 | आज का ताजा रेट Garlic Price Today Sehore Mandi (ZrWQmJ4mDQ)    fathomjournal.org,https://news.google.com/rss/articles/CBMidkFVX3lxTE1sdnZvdFVVRDU2VjdmQ29QSWJPWlpmVzkyYkJYSGZvb2lUM0FGdTVyUUg4VFU0eXBsNDBQdTA1R3VCakZpQVJ6NE5INDYxM1h4VFZSSE5XX2JYcGpqSWk3TnkwRVYxdkpSVWE4QU0yWF9nMzF6cGc?oc=5,2026-05-03
google_hi_lahsun,2026-04-24,"Kota Mandi Bhav : गेहूं, धान व लहसुन मंदा, सोयाबीन, सरसों व धनिया तेज - Patrika News","Kota Mandi Bhav : गेहूं, धान व लहसुन मंदा, सोयाबीन, सरसों व धनिया तेज    Patrika News",https://news.google.com/rss/articles/CBMi0gFBVV95cUxPQ2xxV3YtWU1Pd3RhVVNUemNyOTdlX2ZFQ090aVBPZ2VQdkxuS0RjX25IbEhZdS1SemZ4WWxJSk1rYlJCUVNkRTdkNl91enFjNUFZd2s2RGNINHpObmh6TS10cUx4bi1SeUxxTDFINlByYVJnbVppYnc5eGluR3VVUXA5VFdmbWNwSURNZ0JaUjlsck5PZTVEYVpEYVBJcmUtUnQyT1JRdTBZajc0RVRFZmhtc0hFckZvWVFGVWVEREtHeWlwTl9QTVRNVkZoQmRPaFHSAdcBQVVfeXFMTWpsZVU2Y2JqYzNGdGJxTWZRQlJ5SjNlTDAwNkI2YjJSLXJjdnZfUWRaX2FPeTRvVnVRZ3ZVVGJYWWtFMHFheXpqMXpQOEV5UG1xdHNzZXlmLWxvaG1tUjZpeWp4WVBWVzhBb21BaGJCYzZQS0dGZnZRcmR0a0pJRWIzSV9OWC13ai1ITGlhakd6Q3RZaFBfajZzQnFudGR5M0l6NWoycnNHcllWdHQ4eWhpcTJoczBxb19KNktUVDJINUxhUTBBTTJ3ekJvTFdwNlVNV0VJZkk?oc=5,2026-05-03
google_hi_lahsun_mandi,2026-04-24,"हरनावदा मंडी में ऊटी लहसुन ₹17,000 प्रति क्विंटल बिका: बंपर आवक के बीच बाजार में तेजी, किसानों को मिले संतो... - Dainik Bhaskar","हरनावदा मंडी में ऊटी लहसुन ₹17,000 प्रति क्विंटल बिका: बंपर आवक के बीच बाजार में तेजी, किसानों को मिले संतो...    Dainik Bhaskar",https://news.google.com/rss/articles/CBMiygFBVV95cUxQc3ZudXdveGdzRHp2TU92UFNsdGxuZkpmUFhFRnhWajZhWll0dFRkdzN3Y1dLRmJKcWQzQnBpUF9RcFZWQnZDekx4NnRVRFh0ai1BTG42b0ZoNzRpNGVQTVQ4VkhxT1dtTmdKdThSWTd6OVdac3ZNNFNudjZUYk1OUEpaYi1BQ3ZMd1VKNlowQ3MwXzFtd0ZkelpJaV9HQ0p6bjZqZHhWODBiWlBpR1p6eDRVSm5vU0U3LXd5eGFwRGN0cmhCTlFPalNR0gHPAUFVX3lxTE52ZW1NTXpfc2wtcnhJQjhCQUY1ZW1wM1ZPbXlkSEVBTmktRlU3TE9oakV4UzJseFhxWG5hUE8yaVZJaDBZM1Z1TnhoY0V1bEswQ25vYWdQamNHcUR6YjJIRkwzVXZzQ2tYLW1VRVFNY2pRVVlhdjQ2UTMyR1FiZkhidXhETDJTSTNUUUstMnFQRV9UMkhKRWJrQlpURmtwVExobVZkMzY5OEJLTHQxRE5PVW9OQnBLYk9PUmxrZE1DdHV4VVJPMzB0ZWQ0ZHhWTQ?oc=5,2026-05-03
google_hi_lahsun,2026-04-23,"Kota Mandi Bhav : गेहूं, सोयाबीन, मैथी, सरसों तेज, लहसुन मंदा - Patrika News","Kota Mandi Bhav : गेहूं, सोयाबीन, मैथी, सरसों तेज, लहसुन मंदा    Patrika News",https://news.google.com/rss/articles/CBMiuAFBVV95cUxPMEdaZmxGOHVSSTdUaVRsZjJqNDBGVEozRHNFR0lZV1N4OTZlSXp3WVRzWFUxdVcxcXRmd3dNeTZQSjY1ZUJ0V1NRRm43cVVLclNrZnNvZjMzakRJXzZiSU1GU3FGWnYwdENBR2JDZnBZZHRCRG9VaGlmT2VaUlJWeUFHaTkyMlExVTJxc2FkRzg1QTVHQWtUQVcyMFVLSVBQNEZNenJGMHB5QXNtVzl3SUY4Y2t6by1C0gG-AUFVX3lxTE8zdTZLY1paNTluQzVKdVBROHczU3kxZnFLT0Z0V2hJWHpoRUdvSW5EeUVlUlNhX00wQkxfcjR2dDdFQ2QzZDN0T3BVcEdQMWZVRjZRTVd0LTdid2FzSnpBUWotTlNtQ25uX0Q3bmRLVDVwQUlvNWVHMkNVMFFndXpyVnFvaG5WWklNaUtKUjhraTdqQ0N5VFZDMlliVHRnQ25VcGxJdEVUanNxWkJyRHF4TF9BaWZvTkVvYUNLZGc?oc=5,2026-05-03
google_hi_lahsun_mandi,2026-04-23,"छबड़ा मंडी में लहसुन का रिकॉर्ड भाव: आवक में कमी और बाजार में बढ़ रही मांग, उच्च गुणवत्ता वाला 13400 रुपए प्... - Dainik Bhaskar","छबड़ा मंडी में लहसुन का रिकॉर्ड भाव: आवक में कमी और बाजार में बढ़ रही मांग, उच्च गुणवत्ता वाला 13400 रुपए प्...    Dainik Bhaskar",https://news.google.com/rss/articles/CBMiwgFBVV95cUxPT1FlMm5EV3lFekhoX1VlbFZoQzlsZEh5ZjZjUWtWYWtDY2U2OWZxeE9aVVEtcDFwMkxOLXJVV0R3RVI5akxDVHVLTGlUN3l0bV96NlBybGRpVzZvNjVBR1dsazh0ZFdENE5IR0JNclNTWFgxMEc4aEpOMXVMSkFJY3lwbkIwVVluYnVvTFV2RmRTSzY2LXFSSzB1bzFuZWhvTG4tdThzdnluc1lJZEQwMUNnZTBUUlBmSjlRZUxabDVBQdIBxwFBVV95cUxPOWladG9tUnFzSU5EUjF5RUdUajZ6Um11OWhuanRyYTZzS2JHODVqQ2xRQV9sUTFXdzQtclUxMnpsWXNjSzNGOU83WElraHE4Q0R2T0NrZnI1a3RqTlJRX2w3T0hHSERlX1BRNnoxMTZTNmk2cmNDVkpUSWlqSzE4ZUJET0hIQzg2ZWM0bTE0T3lpY0V4YWNPLUZaT0lJY2hXZGg3WC04MWdscXZOd01aOU9DOEpBeHoxSTY2WFRtMUdPejJ3bkNF?oc=5,2026-05-03
google_hi_lahsun_mandi,2026-04-23,सोलन सब्जी मंडी में लोकल लहसुन की एंट्री - Divya Himachal - Dailyhunt,सोलन सब्जी मंडी में लोकल लहसुन की एंट्री - Divya Himachal    Dailyhunt,https://news.google.com/rss/articles/CBMi3gFBVV95cUxQa211N0NBVDZKb1JfNzNyXzBiZkFhaHlKb2xtSUJhNHJweXJ5TkVsazJXVlVaeGdaeENGaFU0c3FEclZCNWJPZlZJRGpUa0I3bDJkaXE1bUM1bWJ6WU5NbFZ0SG5HWTd3QTE0LVNsbmZDdm1hdTJTbHFMeDdQU3JsbFFTYjZWX2dDM1BaWEc0dEM4YUhlWG92ZFZHeXBaUFBTc0xtS1RPX1dlSV9OM2VfVmxEQmdtN25JeEtveXk3VEVGZEM2dXRxYlFDWm1qcS1XUWNUc1BhQ0VJN1R1LXc?oc=5,2026-05-03
google_hi_lahsun_mandi,2026-04-21,"मनोहर थाना में खुली लहसुन मंडी, हाड़ौती व मध्यप्रदेश के किसानों को होगा सीधा फायदा - ETV Bharat","मनोहर थाना में खुली लहसुन मंडी, हाड़ौती व मध्यप्रदेश के किसानों को होगा सीधा फायदा    ETV Bharat",https://news.google.com/rss/articles/CBMi5AFBVV95cUxPSlI3ZzN6TC1HRnZVY1Zvc1N4aVBHZ2lsRFBYZkNNcktaaFRzNkRvZUlJdFdvcE80aXBoQ2JQTWZ4R2xac05zVGEyU2hJOGZZc2VQdllVd1RMYTRNc201a01iQ1ZGdkNPN29vWnFqc0hFb2g1RndhYVptTElzR2wtZDk3QXdXMGI0MEtEWFc1c1Z2QW9XdkhHdHUwZEs2aU5Idm9fOVNIZ1o2VDdOVDA0THV5VFg5aUYyTnQ1MXJScVhPYjlMa2pSVXlXUmowa1plSWZTZllMQ3VUVmZ5cjNyRmFwNEzSAeoBQVVfeXFMTkd1bjlrSlNFaFc0TTZaN1I2d3JManJ2Vl9UWW1SRW4zNG85MVlWX0lfZ0RhU1l0Slc1SlVYNnNtVGhmYVVzTUhsNFgteU5LaEtBajNkcmFMc0pzekhFMjA4OUNTU3ZBUnViZzFmZVlJVWNFRk02TTJwYkpUMFlISnlGUWxwTWdTcTdoRFNKMlh4QUhTcDBrR3ZwNEpvUG5PNXJUWV9hYTVWMFhobHR1cnNmZlpXV1dCWGVCWjEtQkRyVnJsTWRES3ljeDFkVEVhNEZNTXRmUTQzd2hPNWpFOGI3N0J6OGxicTZR?oc=5,2026-05-03
google_hi_lahsun_mandi,2026-04-20,"लहसुन की आवक बढ़ी, मंडी में नए नियम लागू: मनोहरथाना मंडी में अब हफ्ते में तीन दिन होगी लहसुन की नीलामी - Dainik Bhaskar","लहसुन की आवक बढ़ी, मंडी में नए नियम लागू: मनोहरथाना मंडी में अब हफ्ते में तीन दिन होगी लहसुन की नीलामी    Dainik Bhaskar",https://news.google.com/rss/articles/CBMivgFBVV95cUxQcmxSZFdtek9ydkRLcGgyTDlLQnhaOUNKWEI1dUhFVW5IamQ5NmpIUlBTdjdsVTdKdjJmR1JENWV3eVBmMDVRSjNWWElPSVV5Ny0xUTFGXy1TNUVEbUhUd2JsTUFnZlJUQ0ZFTzUzRkxmYUxGaENBNVMtUi0zanFTUW5mZmxiUHhrRXRTajM5ejFUbnNBSThnYzhaQ2RuT1RqVTdYV0RwV2c1VWxZeV9lLWstRmlWRUw2RnFVMXF30gHDAUFVX3lxTE9IVE5RTlpDeGJFUGZxQkozaktwbHdHQzNVQnloNHhSYndWYTR3akF5WldSanJTaG5XUUJ6eEs2YThBNnIyaWpLVHJMWExFdGFKTjJra09ILVdpMjZ6SHc5cUVmcGtfU0trVkJnNmZEQXRudjY3VXFadVdvZThRdWZYZzlLS1IxM1o3N2JzaG1ORXpsZ2hYVjA1NmFrY3MxWWxkdW9na3AwTGFZd3dnNldnQnFnZm9ESUpSY09lREZ1OFowQQ?oc=5,2026-05-03
google_hi_lahsun_mandi,2026-04-19,"मनोहरथाना में लहसुन मंडी का शुभारंभ कल: सुबह 11:15 बजे से शुरू होगी नीलामी, विधायक करेंगे उद्घाटन - Dainik Bhaskar","मनोहरथाना में लहसुन मंडी का शुभारंभ कल: सुबह 11:15 बजे से शुरू होगी नीलामी, विधायक करेंगे उद्घाटन    Dainik Bhaskar",https://news.google.com/rss/articles/CBMizAFBVV95cUxPWUlTSldzZWk1WEszU0dMZXduMXBWSmFuVXlPcXNuOF81MVBWSmhzaGNaMzk3cnE4U0lyQW5EcGJtcXRaS0ctQ1V0LTlZbFpUaDg1emgtWHdBVTBHWGVYRGZFYjBvNElrUDJCV1BLLXEyUkFMSnJMaUd1Y3FjZVdUN2dwMFpJSVhGVXdoc3NkVlczRWtQTzBEX082Z2RoYjloVUVzR19KZVh3NjNzWmRHRlk1Vl9MbW1mZFRHdm5VRjdGc2cxWUlVS2lkckrSAdIBQVVfeXFMTW5DZFNWUDI3eVVLR1VucmxjdzNGTWM2elczUmU3UTZCeG12cFpEbmxid0owYl9DTUlOQ19BbXFHYm5EWENDVk05bHRMY19rem54MGMxcThfWEV1OGpEZGROajhHZGFfRnRaeWdDZE1Hd1M0TmZZQjZLZTJnNFNaNDB1TTlYY0hwSUlfNlZzUC1HTEhPbWFnZ3l4WG03cnFQeEVsMFFhYmY3WE0wdWVnREYtQkY0NEdYZ2JSTWEtdDZ6NndYUVBSNV9BR2VROEJvUHpB?oc=5,2026-05-03
google_hi_lahsun,2026-04-18,Shamli News: लहसुन की फसल ने किसानों के आंसू पोछे - Amar Ujala,Shamli News: लहसुन की फसल ने किसानों के आंसू पोछे    Amar Ujala,https://news.google.com/rss/articles/CBMixwFBVV95cUxNVWFiZFVnbDRwWVpQdG5RWklpUnJJMVRiT0R5MllIZXViUGUzY1ppTVZNbzJuWEFETWhCYkdHQlBVTFprcFdjV0k2dm8tREw3S252X3p2YXY0bmlFUDlpaXZEMF9sNkVwMUNyNkNkZnV3TDNGQ0tCQUg0WXU5a1lNamlzZkx4MFlETEdCRUw4SkJFMlM1eEFPUmFvYnU4QzhIZ09xR3VndzRiQlVvZzJfai12QUYwUG5DOHVyWDQyeldjUk9KMFhj0gHMAUFVX3lxTFBFZHd5Sjdtb3J3U2VUZkp0ODVBcmxGTWUwODNoNm1lOTUwYnZFd1ltanozS0plTGI1QzZFb3RabXBpTmNWV3lNa25namIwUmZIUXQtSVpoWGFJV19FYlB0TklSZGxnRTlyOVlIOWhjVXo4SFBSc3VsTkFnalNJcUFtNm8xZzdWSTNUcThsMDc5UXZ4TmtoN0xwRTFIQTlSSDNaTFhLQkVqbFBReFZjaklCZTZyLXhobG12Z2RBQ29RLW9xempqWFRyZU0zSw?oc=5,2026-05-03
google_hi_lahsun,2026-04-18,"Kota Mandi Bhav : चना, सरसों, धनिया व लहसुन तेज - Patrika News","Kota Mandi Bhav : चना, सरसों, धनिया व लहसुन तेज    Patrika News",https://news.google.com/rss/articles/CBMipwFBVV95cUxQaS1VZEY5YnptazAxeWk0TWs3MElyelhaMnlrUkxRc0JkU2Z4VjVoOW1fVkQyN3BEelhnUEFDb2dudjBIX3J6WkRabGF5ZW94UmE1RFFyQjJubVhVQ1NxWkJSRTFBcF9PU0FwcDVDRnAxRE5UbGFrbmJEMW5vekpMeWpvN1dhUTN5OER1ZmdqWk9ycGN5MkdMYlV2OHkxeFgzSEJUUHplb9IBrAFBVV95cUxPYVlfV0g2NmM1RzMtZXZKNWJSNzhUQmQ4WFZvMTIyeTFYZUoydEFPa1lpa2pMMXVSaHE1TWUtbm1HVGI5a1RWV3hzbmNKOGFuTV9FMWZnUmtPeS1VS005MG1Cd1kyd3ktLUZGNU1lcTFjcHNKQkRUZzdxSUE0a2dGQ0Q0NnpZZjJNd2xfdUx3VS15bXN1ektuV3Y5NmYzQWpkMzFzOTBPRlVBdjli?oc=5,2026-05-03
google_hi_lahsun_mandi,2026-04-18,"हरनावदा जागीर लहसुन मंडी में नरमी: ऊटी लहसुन ₹15,600 बिका, 13,478 कट्टी आवक दर्ज - Dainik Bhaskar","हरनावदा जागीर लहसुन मंडी में नरमी: ऊटी लहसुन ₹15,600 बिका, 13,478 कट्टी आवक दर्ज    Dainik Bhaskar",https://news.google.com/rss/articles/CBMiwwFBVV95cUxOT0hheW5XV1BhaVFnckZrb09Rdm02TDNqRHZheTRmdklhbC1lVEQ4djJweGRsS25BZEhrVGNacm9yTkRYckFLTUluUjBMU2RYRVV2S2FONURZaFlvcDE5NlkyNHI4Z0hsazBTcEdXbzB5SUVscnVuUzVocXF3dDNwN3BGSENMZ2tVc29kR0NHRUxQQ1h5NVJVaDlWbzBoMTE4S2J5T3V4RlM4NlZPUUxERmVIQUVwUnY1UHh0dnk5aXZYRDjSAcgBQVVfeXFMTUtUbkVRTk1lc1BMREhTUmZFdmxzdkljRWk5MkJWX2JuMXppSTZvSDZweDBXWDdjU3g0MTE0RFNfWDg5MkNpQ1RHdEdsOEduLVQ1U3R2Q2w0ZHRvYUlKWFgwd250a0tqTUZrMm84MktSTS1qeFlPZno4Skl1UUdRN0dKendfUktvSU9LcFNlcGtsNnd3dDlUSTEtZGk1RE4xd2VtbHpCdHNzcWZLRmJJNlJZeWdYNDQxdzVlMGc2QlJYYWpaUTg1U3E?oc=5,2026-05-03
google_hi_lahsun,2026-04-16,"Kota Mandi Bhav : गेहूं मंदा, चना, सोयाबीन, सरसों व लहसुन तेज - Patrika News","Kota Mandi Bhav : गेहूं मंदा, चना, सोयाबीन, सरसों व लहसुन तेज    Patrika News",https://news.google.com/rss/articles/CBMiugFBVV95cUxQbWxxOTJfS3pHQjVZQ1U0ajZTWnhrVlRyeW5Ic3FfS3VCZWF4Sk0zOE1STnpTMzdTelFQMk9NcTY5UjQ2Y2YwdWVlME1zTWJVZ3ZRZTQxUFRjNE5USnVyRXIyTUsxSFZGU1l1dXhyVzNZY0ducVhreFlRbDVlaDdVMjZVaXRWbkJ6RzBHTV8xNktkLUF5aUxieW53M3RUYkZEWnVCUVFnSk01WENaX0ExVjhsRGRCbDVqM1HSAb8BQVVfeXFMTzVjOVJMUV9iT3gwLTFkdUE4SVJJQnJZUkdsamxrZ0xnR1VlbHlCU3VyaXFCS3FGWGg4OTVnTEhNLWxRQ3FLOFVDaGxqd3dMMVNjWG5IU3dsdjgyQm5mUzBJSEg3TXVxcnFXcURRMWtaYzVtazhpSnBVVDJqSHV6UF9YRm5lU0dBX2lvNWxsSEp6SHVJZ2trZ0NuV2dmTVZORVlFMmROLVZfWEdLVktybmkyb0d6a3Rfc25zWnpscG8?oc=5,2026-05-03
google_hi_lahsun_mandi,2026-04-16,"छबड़ा लहसुन मंडी में ऊटी लहसुन 13900 रुपए बिका: 6000 से अधिक कट्टे की आवक, उपज की गुणवत्ता के आधार पर ही भाव... - Dainik Bhaskar","छबड़ा लहसुन मंडी में ऊटी लहसुन 13900 रुपए बिका: 6000 से अधिक कट्टे की आवक, उपज की गुणवत्ता के आधार पर ही भाव...    Dainik Bhaskar",https://news.google.com/rss/articles/CBMiuwFBVV95cUxQc0NvSkVEeU1DN3RrTi1XLXl2dGRTLU9xV0JmNmt3RFVxeDJvTUFYWVRxR01NbTFKM01OVDliVENJVkZxY3M1SUQtazlyYnlleVczRUtUVjRMZTBVRHEzS1Bwc3FiNmIzcFg1UGE3bWt4NGhUcTREdUlGdHRWZ1pMOXloQXRJT2RtZ1o4R2Z3LWhrVEhHRjhXVjJZWFNWc1hrRGNEaDRnRllSai1nM3cxblFjOWNxZXozS3hR0gHAAUFVX3lxTFA5QkI4MGloLXExYnN6dU41N2ExNW1PQXZqN3UxM1FQZ0RXOEgxTTRjVWNwRi1TYnBxeUNKTFRLYVRVb29YRDJaY1N6V0xpR0t0UDM2Z3ZsYXh4T1hYc1FlcF9kNWM0LUpwOVBvMnUxLWlXZE1mTktnYVk2Q0tNTUEyZThNUnNqM1puVy1oLVFWUWxkZmhxMG53TGhoLUt1TnNBRVJkZVNYakFhRktGRGtwaE9xN3hvV3NvM2ZxZGtrMA?oc=5,2026-05-03
google_hi_lahsun_mandi,2026-04-15,छबड़ा मंडी में ऊटी लहसुन 13900 रुपए प्रति क्विंटल बिका: गुणवत्ता के आधार पर किसानों को उपज का भाव मिला - Dainik Bhaskar,छबड़ा मंडी में ऊटी लहसुन 13900 रुपए प्रति क्विंटल बिका: गुणवत्ता के आधार पर किसानों को उपज का भाव मिला    Dainik Bhaskar,https://news.google.com/rss/articles/CBMivAFBVV95cUxNTTBxT2E5cERPQXItMXRfVHdMbTI1OEN6aU1kVUlHLVk1UDg0d3dVbUVqOGZLaGFxU2pRazFfVTQtNmtQVTVHa29GYTZqU0lucGZmZFNiWG1kOE9nS2V4enBBQlR3Tk5CalUzVFp2UWM5T2FLaFA4ZU80VHJZV3QwaWdtTzhmMm5YaGIwS0EwQW9zS2Z6MmdsX0piUXlLNVJ1cEViTTBUT3NDSmdqRW1XNXNWcGFYbWVINlNjNtIBwgFBVV95cUxQNlVjODNwYm9sdWJKdGVUNnZvdWwwcDJkSXp5R1NTLTlEU1lJUHJQczNNRjVkVlhqOWhUT1Y4eFhJbTlxbjM3Y1doVHZYV21jX2pLSnJQTDVvMWg3eUlBMThnZTY4YTVkZkotcXhnRnNnVW5kYzB6UDNOQTIxMWxYSkZwb0RSX015OWxrd0lwZldidW9tR1JTOGtmME00TjlubFZEczBWcXJ1RG16NHJKMzhPZWlSX2dBM2VfcFp3SDM3dw?oc=5,2026-05-03
google_hi_lahsun,2026-04-12,"Lahsun Storage Tips: लहसुन को स्टोरेज करने का ये है बेस्ट देसी ट्रिक, कभी नहीं सूखेंगी कलियां, लंबे समय तक ... - News18 Hindi","Lahsun Storage Tips: लहसुन को स्टोरेज करने का ये है बेस्ट देसी ट्रिक, कभी नहीं सूखेंगी कलियां, लंबे समय तक ...    News18 Hindi",https://news.google.com/rss/articles/CBMi_wFBVV95cUxQLVBDd3pUaHdiNDBQeGJaa2s1UEo5alRKQUdSR0VUd2JXS2Z3OWVmQnJOb19QcWo5R09CT3Fseldkb0RyTHZFYVNpSmRzMy1nSFNVRWwxRGstMXBCcHEzOEtJdzZJMm01bjktOVN3Qnk5VDhLUW1rTmFWREl3Y05JMEVKSFlmYlhMd1lzVGtmSTZ5RU5wNC0zNGlyR0VBbnh2VlRRSEthNE1NZy1xU1JRYUVjdGxPazluNnJoSm9lTFRvNWlVU1NZZDJCRVBWZWlqZ05Zbi1kanA0VzlKZG5odU1FWlVwYkhpZFBSdU1zXzU4SlhOeDJwYjEzM3A0T03SAYQCQVVfeXFMTnZCNGlXUXBXa09WM3dOUmxQVGhybWRhU1pJdGRJNEVEakV6dDd6TnRPNjdyeTBwbV9OSF9NclloN2E1OHMwRFBqZlEwNUhhWG1Pb2NUOFcyRmxGYUdXeHlxaWJSQTh0bU1CWnJwS2FDY01PNHN4a2pXZ1FDT1hWOUstSkJQOXpPandjMkZoWjkzLXdxLVhVVEV2bHc5bUJJc01UYnhIcVJVb2tBRTVyMzVNQlFDc2FpMEIxcDlJdkoySVdiNHJ4cUkzNVQtaGVncDlibktFVEF0aUlmT2FnQWJjWF9vamhUTFAyQ3NoNEZrWHQ0TTRtcWpvMnpfVTdoakFibVE?oc=5,2026-05-03
google_hi_lahsun,2026-04-11,"Baran Mandi Bhav: लहसुन में जोरदार तेजी, गेहूं के भाव लुढ़के, पढ़ें मंडी अपडेट - Patrika News","Baran Mandi Bhav: लहसुन में जोरदार तेजी, गेहूं के भाव लुढ़के, पढ़ें मंडी अपडेट    Patrika News",https://news.google.com/rss/articles/CBMiqAFBVV95cUxNdENTR3R5djhzNEl4WFljN3JnNmVHSUJUTGd2bE90bWZhYlRJTDhqV3dmTVVyNTFjZ1pfb25yZDlWN3JPYThFSkQ5UlV0MHFKZTdrb3JZS2pibGNwaXQyWXlDUlpMN3VYZll3Y0F2Yk91U0hsWlVIaU1nRlN3RGhJX3o1aDFLWDBJY214Z2IxcU00ak5NbXdkWFQtNUhiYW91UWFXcmFoQzPSAa4BQVVfeXFMTUs1STd1QUJwMGJUZW1McVpqeE0zV2J2RXk3TG02RGVFMnUzUWV1VGRZQUJBUFpDQ3BwSVMzMHJyd3RONGVwOFAtVnFpZGE5NWxmWDBQeGhOMU43QkUtR1J3a1hwemREelhvenh2djFwbWEydFE1Q0tKQzZveGxKeDYyckZlMGxzUHNBTlFObEdKSWQ0c3J6LVI3Q3ZaZmdoRFI1Z3VIaDVZMmQwbHdR?oc=5,2026-05-03
google_hi_lahsun,2026-04-11,"MP के इन 5 जिलों में होता है सबसे ज्यादा लहसुन का उत्पादन, इस बार कितना मिलेगा रेट - Zee News","MP के इन 5 जिलों में होता है सबसे ज्यादा लहसुन का उत्पादन, इस बार कितना मिलेगा रेट    Zee News",https://news.google.com/rss/articles/CBMingJBVV95cUxPUDNWS3VfX3RJS1NaTWZnYktfRmljY2d0bXNWRWF6NEZfNG42TkN0ZHhCcjl6ZWI3elhkSlJnOGFCbVl3dThCazVHZ1ppMHZTelpXQ2Fzd1Z1TWhOa3VYVDRtRFJxTEpSTDAtMnZRMzcxVkVZdjVyNFI2Vm10eWlEMUlsSVpYc3lUOXc0MHZwdXZIdTZzQ3BHZXB5c0drRnV6NUw1ZmRJZXlzck9rWjlvdmhxNUU5UjlZTkZKOFZlQUY2UmRMU2x6elkyQm5fTWhHcGNYM3JBenI4TWdBTHQ5OC1ub2JNNVRKcnQxRmxmU3d1M0xFdFZKSG9mYTFOWl9MUFNDZUpPOTl2R3o4Q2p5YlRIeTFrclllVFFIelhB?oc=5,2026-05-03
google_hi_lahsun_mandi,2026-04-11,"हरनावदा जागीर मंडी में लहसुन की भारी आवक: ऊटी लहसुन 17,000 रुपए प्रति क्विंटल तक बिका - Dainik Bhaskar","हरनावदा जागीर मंडी में लहसुन की भारी आवक: ऊटी लहसुन 17,000 रुपए प्रति क्विंटल तक बिका    Dainik Bhaskar",https://news.google.com/rss/articles/CBMizgFBVV95cUxPRUx1cVhaS3VHU3dFU3hmMnVlaFRQcEVkUDZTZURWNjJzTUhBNEtaM01KVkl5d2pWVnhPNnpJUFlfX3VjSHI0RVZzYmFlb1ppaGx0aWt0X19KbmJ4elZydzRYNk1xRUFrSXdwZnhTY2lnMk1rbklFTXBFTjJYd0ZQUmFGUW53ZlpiQ25fMnM5QzVuOEhRWUR1aklFMmd3ZERyVWtFUDlDUWxjbnVPZ1MxOWxLVjRVQ01Md1dYVlo4WDNtMDM0SHBKNnlzdEZ2UdIB0wFBVV95cUxQTDdOTGE2T1pnanRZUHdVOXFCRGt4ZlBvaEtkM3VDd3pfVFhZbHJtSEQ0VmpXTGFKRnJwSElfcXNETXBXWFdyeUJpekl1WmwtWHlrQzFCdUlOR1FDRi02VFlnMlhuRTlTU2JnTXlBeG9HRXk5RWl3Vi1XYk5RdWttY1VzN3RFVDE0QkpKdk1pYXdONTN4WXNqWmtudGNOTDRNQ0FfamRNMEhacmY2RHB0X1AySWVMTHJjV00xYkhtQXVTWFdMbTBoV1FfRjdrM0dOcmpF?oc=5,2026-05-03
google_hi_lahsun,2026-04-11,"छबड़ा मंडी में ऊटी लहसुन की आवक तेज: उच्च गुणवत्ता वाले लहसुन का भाव 13000 रुपए प्रति क्विंटल पहुंचा, नीलामी... - Dainik Bhaskar","छबड़ा मंडी में ऊटी लहसुन की आवक तेज: उच्च गुणवत्ता वाले लहसुन का भाव 13000 रुपए प्रति क्विंटल पहुंचा, नीलामी...    Dainik Bhaskar",https://news.google.com/rss/articles/CBMiygFBVV95cUxPdnA0Sl95M2ktYTk3Qm91b082VVdXNVFqdFlNSGF3cDg5N2NHLUlHNVhhZUVqZ2x2UzB6aHU2QWNDYUtPQlE4N2ZLdV9wR3JuYXFSTUtNT2VOUHFOcWY1YmZoZk85dTNDMm53Q0FrQTlIOTV1d2plZW9wcURCNVJzRHNaV1I1QVZzeDFVNDZVSlNWaVF2cE40M1ZXbWxZUkJFbWp6NGxLYkZtcWxEQTI3Y0x5Q3ZkRl9wUVJPRjJvVzlieHdmS1BlSkJB0gHPAUFVX3lxTE53cEZWWVI0QzFOLTB5THN3QVVpcFUtZDZFdlBvMnk4Sy1tMDg4S1p3OWhkalBpNGdqVU5QSUZzb2doVURjSndJTWVraXhBVUxLdDZCcENvV1BQR2FLSTN6MlFWLXJrUzh0YnZ3NmR0OWluOWFXdkdha0E5OGNMc055UXk2RWYxSHJfQTU4T1Fzc2hrUXhEQ1V3cFNDMXlHRDdTOElhM2tVb1k5MEtIdVFOV290ZTBUN2hoR0wzWmtrQjhaQzhMeGdrdUF5N2NMVQ?oc=5,2026-05-03
google_hi_lahsun_mandi,2026-04-10,"मनोहरथाना क्षेत्र में उच्च गुणवत्ता का लहसुन: किसानों को मिलेगी मंडी की सौगात, 20 अप्रेल से स्थानीय स्तर पर... - Dainik Bhaskar","मनोहरथाना क्षेत्र में उच्च गुणवत्ता का लहसुन: किसानों को मिलेगी मंडी की सौगात, 20 अप्रेल से स्थानीय स्तर पर...    Dainik Bhaskar",https://news.google.com/rss/articles/CBMitwFBVV95cUxOQmwwd0pfUEVmTVFIcE5QS2F1MzN0RlcxX0ZXRGNjaWp2TnNsdGN2Rldia0lJWTBYUVV1MXJxR1lVVmZGMVk2T1MxbzlscE9NTkdCcjIzbDNoVzVfRnVvVXdEbm9kVFotMDM0eXNXYmZ2Wm5OQ0pUSnd3ZDRCVWZYemRuYnBPa2U5UTBrNTRUa29wdnNYdE1Bbms2M09NUjMyQzc0RVE4Z280LW9sMkFFRkpoSmZVczjSAbwBQVVfeXFMT1FvdU5TcnZlc0FvZGlEMEtMZWJZTmRxcWpUOW40WEUzR3VMV3prUjBRalgyQWUtRHNIT0lUSHk4NURTWnhTMnZnX0ZOTEU3N2F6NFFOZmdFVXdzUE9RSEU5U3dvdTlETUdRSW91NE9sbl9jZDFPUGppQXlMVlR1a0VrUkgxMTB3MTNuZDhQdUJOX3R0RVFXNkw2bm40b2JxMTF1SUNla2llTFdqd3E5LXRRWDBPZGVpMEJHbkU?oc=5,2026-05-03
google_hi_lahsun_mandi,2026-04-10,छबड़ा मंडी में ऊटी लहसुन की बंपर आवक: उच्च गुणवत्ता वाला लहसुन ₹14600 प्रति क्विंटल बिका - Dainik Bhaskar,छबड़ा मंडी में ऊटी लहसुन की बंपर आवक: उच्च गुणवत्ता वाला लहसुन ₹14600 प्रति क्विंटल बिका    Dainik Bhaskar,https://news.google.com/rss/articles/CBMirwFBVV95cUxNRlFkYzhBbnhMQm9JbTFScmV5djRBRWJ5Q0FMLXR1cVVBRTB4b1lVa29QRVJ0REs1VldScUtSdkFGVXZkTVViZlZSQnhqYllUNHhaOWl6QnRleE1uZnhfaWwtZEE4WVg0TmRSbXhTUzlpVk43SXlUMGNocHdIcnIycDl4bnVFc3l0bXdSWThUeEc5V28zOGFqTnZyUWtCZ1pZWmpsWnp3MTdkeVphTm5N0gG0AUFVX3lxTFBpVmEtU3dtYTNFSHh5ZkNJcnlZTjc3N0RBQ2s3cjJHWkZlUEx2V3JqM3I4dEd5SzJURFRJdTA0NGVMNTM1S1pqdl93UzZxMExXS3lTR2Z3OGkyZkhkbkltNjEwazN2QWJZVFNFUDB2WGZNZy1iU25KUXl3ay04a19jYUpvWEVVd2w2d0FLeTlpSUhwTWItRk1QbkdHazBrN2hwRlI2eldFVnJnamJjV0tpNF9raA?oc=5,2026-05-03
google_hi_lahsun,2026-04-10,"Garlic Price Hike : बारां कृषि मंडी में लहसुन के 5,000 कट्टे की आवक, भावों में 3000 रुपए का उछाल, किसान खुश - Patrika News","Garlic Price Hike : बारां कृषि मंडी में लहसुन के 5,000 कट्टे की आवक, भावों में 3000 रुपए का उछाल, किसान खुश    Patrika News",https://news.google.com/rss/articles/CBMixgFBVV95cUxOM1BWay10Y0F4ZmRUcHFfc05XQzFYYWxmbnl1LXp2RjROOXlJaExaVGJSQnNnSWxTQjVmSUlFQUVWUnlkZUN2NTlQRXRCQzIxNWtXQ21vbVBuWTF1b2ZmX0dpcVBVNUoxMFZNS2phanRwa2p6Zms3ZUtQakE5MjBsTGZtLUx0SllXaTRad3VZM2M4dnB1N3E1V2lwckd2eDUzU2s5Sk5DWGRwejc5MlBNT3ZaOHV4dHRfbXVSY3ZWNkEyR1BUUUHSAcsBQVVfeXFMT3dzNmpxYzlQNXRBRDFtOHpXNHQ2NU0zZlYyTVgzM1p2OXFRWHF2RFI4R0lxLUJQWEhTNXZac1JlR1pBN1pfQkYtblB5Z29zdXBxcnpMYkhONk94V0JJUzk5aVNXWlhDSDQyM3l0azY1bkdnN2h3WllRYWt2b2VLZ2VMNUY5ejE5MDQwaWxFbDZaWV9DTXMyVGFVNU9UTEpMSW5CZlFsVjB1X3Vyc3RBLUlvOG1sWmVSWFBaVlA5WXJscW5CYWUyS3N0Y3M?oc=5,2026-05-03
google_en_garlic,2026-04-09,"छबड़ा मंडी में ऊटी लहसुन 14000 रुपए प्रति क्विंटल: उच्च गुणवत्ता वाले लहसुन की आवक बढ़ी, भाव में गिरावट आई - Chhabra News - Dainik Bhaskar","छबड़ा मंडी में ऊटी लहसुन 14000 रुपए प्रति क्विंटल: उच्च गुणवत्ता वाले लहसुन की आवक बढ़ी, भाव में गिरावट आई - Chhabra News    Dainik Bhaskar",https://news.google.com/rss/articles/CBMiuwFBVV95cUxPM3J0Q2pNNjduTVE0OUY3a0c1OERQbW1sMi1WZndjZkVGdzF2RXJubmZNOE91R3ItcmQyNFktSnhpVnh4U1dEUGhtUEF6d2lHRXgyUy12WWx1WkxsRXVwUDNMcHVhYWx3LW5sc01XVC0yQjhHSk85S195a3NrLUZDbVNIck5mUWRnRmdzMnFLckd0cm1wU1FFanJEUFRVRy1faVBaMENZd08ybXZiUVY5TEtyRkE1TXpEWWln?oc=5,2026-05-03
google_hi_lahsun_mandi,2026-04-09,"हरनावदा जागीर लहसुन मंडी में तेजी: ऊटी लहसुन 17,415 रुपए प्रति क्विंटल तक पहुंचा - Dainik Bhaskar","हरनावदा जागीर लहसुन मंडी में तेजी: ऊटी लहसुन 17,415 रुपए प्रति क्विंटल तक पहुंचा    Dainik Bhaskar",https://news.google.com/rss/articles/CBMitwFBVV95cUxNUlZTTEhxOU1zTGFVU2FtbHBjWXNsSmNyaUJKNy12dlZmSG1vS2txeUhrXzBYR1RILXc1SnVUckJSV3oxSGV2Y1pxX25tWlBvYVZURzJHMXJFTHhWU2VjajhzYlN6SjhsWVNpNzJhSVpZdTZDQThmUmZQVXZpaWQzQnE5cU5hOFh2VjJZMldEVGNtSEpILTc2ZWE2cE1NSjFISkZsUUNVMFJwckRCRW5MRE9DNms5czjSAbwBQVVfeXFMT3BYRHdmbW5qaWh1cVdyRVdBTElkUXRtSEw3eGdvUl9DbzZqaTNCNmpRbGNEZFA4LWRMY2J1cmdmVVhYUGd3b0hoTS03Y1BmeDROVk5qamExLUZmM2RrdDJDdEpmUUJqNEpjQllfM1pBaTM1LXFLeG95VnowVDBHNkEzLTI1UnhTZ1E1MXp4YWNDNmc0TDA3aVRReDE3ekUyRUxYTUtMVUFjR0I2QVpJZV92cE14WGNHMWx4NDQ?oc=5,2026-05-03
google_hi_lahsun,2026-04-09,"पारंपरिक खेती से हटकर बोया लहसुन, जैविक खाद से बढ़ाई गुणवत्ता, अब अच्छी आमदनी की उम्मीद - News18 Hindi","पारंपरिक खेती से हटकर बोया लहसुन, जैविक खाद से बढ़ाई गुणवत्ता, अब अच्छी आमदनी की उम्मीद    News18 Hindi",https://news.google.com/rss/articles/CBMi9AFBVV95cUxQSUY0U3d3QUY0UlJKUkY5SHk2UjNzeVQ2ZVFSNVk5LVBUS1RZc1dJeUs3X096SkFVNkh1enVvQVZ1Zlh4OVBRc2lsMDgzS2ZMbl8yZ2R0ZURpSU5CcVdPdUFWS1BGb0o3MnNqZ1Y1TXowRkFVM2ZqS0lVMENQMzJJeGJQdUVkekhBT3ZMamM2cExZRkVyRG5PNmlXS1JKU2hpeG1pTlUzZ1d2Qzd6UmI3eDl1eE9XVFdoWC1IeGwzeUJGT29faldELVZOZlFiaUVzNUpIemdmdW9ibFU0WjNXX251QjJtSFVZVldsNFp5bDZvZ3Nk0gH6AUFVX3lxTFAwNDFYaVYyd0xNYmJjS203aWh5QkJyZVBySTNZcDJvNnVybnhkdXlhOW8wa3ZUZ3F2RFF2dmZxdjdLTjNPcHFlcElhWDIzRW5WSFhZTWZQZk9RT2E5UXU1V3BpYW9XYVhRdXl4U3Y3U3NzTXM1aUV5d201QUNTN1hTd0QyemNYRm5ITGRZd291WUFxN3FVTXpha05ORi14YzY4cFgwSlk3OTUtSFV6Y3JUTlZKQ1Q5eTRBWlJGRXNmZFF5YS1Bbkp6VUU5VzBYSnZKZXNRTFYtT29XRkxGNGFYY1ltSWVoWlV0dTFyY0gtTXlwYjRnQ0ZleFE?oc=5,2026-05-03
google_hi_lahsun_mandi,2026-04-09,"छबड़ा मंडी में ऊटी लहसुन 14000 रुपए प्रति क्विंटल: उच्च गुणवत्ता वाले लहसुन की आवक बढ़ी, भाव में गिरावट आई - Dainik Bhaskar","छबड़ा मंडी में ऊटी लहसुन 14000 रुपए प्रति क्विंटल: उच्च गुणवत्ता वाले लहसुन की आवक बढ़ी, भाव में गिरावट आई    Dainik Bhaskar",https://news.google.com/rss/articles/CBMiugFBVV95cUxPMnNFa1Q3dTNqSUpFQ2JCTnRWaVNUcTFwM1RWUEw3LVZJdWlkalBBWHEyV1ZwakljT0dEeFhRUU1xQURpR3l6bUkzZnNsM0llaTFOOGR3MndaS194aXNiQmtJX19Ia21ySjZwZ3F2a1RFOC1BMTJ5ekdxbXRuY1hnOHJpT251ajlNYWFBUEhOWV82eGludkYzcnNvUUxZRy1wZ2RGdnJNM2VTTnBNUEtNZW1wTDV2TXhDZVHSAb8BQVVfeXFMUERvS3pFSGdRODlwZjcxWnI0TVVEMWVfTUZMNTVGTmdfdTlma0RSRmdjajF2c3RDUFRsQTlCZG1WODlYbHJ4djY3Yk1YczdqbWJiNnpsdy1DVEVVOXZWM3VXcURhMzJwOGt0d1ByWTVITmxraTl1ZFZTQUhDOThWSUp2NjNEbXJ6blowWmxxdnRCc01lYk15aHBYaTdGQzlvb1V3MExuM0ZfYi1ZYWlneHpLWXlfWHZYbkdvQi1Kclk?oc=5,2026-05-03
google_hi_lahsun,2026-04-08,शुजालपुर मंडी में लहसुन 11 हजार रुपए क्विंटल: प्याज 1250 रुपए के भाव बिका; मंडी में हुई 9500 कट्टों की आवक - Dainik Bhaskar,शुजालपुर मंडी में लहसुन 11 हजार रुपए क्विंटल: प्याज 1250 रुपए के भाव बिका; मंडी में हुई 9500 कट्टों की आवक    Dainik Bhaskar,https://news.google.com/rss/articles/CBMixAFBVV95cUxPMWJfOWJ1WjBXSW1LQlU0NUNkd0NLMmlmbEc3NnpGUjJSYXZtMldnLU9fbmpBdmtWU2o3SUZYbUdfdmdtQlBmSzhmSGRGaDBGVG1TZ3l4Y3doaV9Ca1J6aC1aTFVsV0x6V1hsc0c1MEg2eDI5X0Z0enhENThhdXdSbXJfOUUtejZEU254VEdwaExVZEJYYmhOVW0wQi1uUlI3R2t6aHBILVgxYkJVR3FGRDFZNG5pbzNiRXYwNVM4cHZLc0Ns0gHKAUFVX3lxTE9ZODZJOG9wOU8yOGktZ2tMMjdveEE5VmtBXzBjaVpVS2VUelpGMUxVSWtVaUlkYWVuZkhqRHpOVG1jWk9vYTlmcFJ2eFFYcjI3dVhhWHVBYjBMcHo5Y0g3N2JuSi1Fdi14U2lNa3U3UDRQTXhqd19OWkJJMjFmbGtFZ25UTXpkZVR5dmJnampScWhmYVVwcnZFWDNxUE9XZE1Gci1TSTJ6TUpZNHVMSndkbTNiNWZJUGdxQTBxSEtlaVk4OS1FZVZ3eHc?oc=5,2026-05-03
google_hi_lahsun_mandi,2026-04-08,"पोलायकलां मंडी में मीडियम लहसुन 6 से 8 हजार क्विंटल: सुपर प्याज 1400 रुपए में बिकी, आवक 1200 कट्टे की रही - Dainik Bhaskar","पोलायकलां मंडी में मीडियम लहसुन 6 से 8 हजार क्विंटल: सुपर प्याज 1400 रुपए में बिकी, आवक 1200 कट्टे की रही    Dainik Bhaskar",https://news.google.com/rss/articles/CBMiwwFBVV95cUxPR3B3dzFXVGkyR3M2aGlTU1J3dk5ydzJHMGZRZFQyRVYtajJ4LVZfZHF6QXRLV01PMmpSeDV6emlVaHpRTC1NMzZmRjVpY3cydHNneVJmNTcxWUg1dWxUSFR6bG9PRy0zamVic1ByNEVmNWRrUmdpTmxCV3g0WE5LZWk4bmRJT0dfQ1ZQMmdvWlBiQmtic2M2aTRpN1FtTzZhcXFtZWZQSlpTRFNIZEotYlpvdllZOGdWTi1FaXNzZzAyWEHSAcgBQVVfeXFMT1JFOExUOUhPRDEzZEpxdXNabmxmTlZ2YThoUW9FS05Ia2FrZzN4VmxPRHRuNDFtTFZGZ0JLT0dLcUhGUU9YV0ktbm1CNl9fSGEzZjNRY05DZVhMNjVtc0hqQWF4ZEljbkFLYjdJVXFzMjV2aDdIUzR6Q21rU2hsSHZEaHFMdWxDaEphWGh5M2FnRW40Skl3dmVoOWFZM205OWhRemUxZ0hnVmdFazRWOEREUmYxWnd5Y1ZMdlVLWjBFMFFaNmcwcDg?oc=5,2026-05-03
google_hi_lahsun_mandi,2026-04-08,छबड़ा मंडी में ऊटी लहसुन 13600 रुपये प्रति क्विंटल बिका: आवक बढ़ने से किसानों और व्यापारियों में उत्साह - Dainik Bhaskar,छबड़ा मंडी में ऊटी लहसुन 13600 रुपये प्रति क्विंटल बिका: आवक बढ़ने से किसानों और व्यापारियों में उत्साह    Dainik Bhaskar,https://news.google.com/rss/articles/CBMizAFBVV95cUxQVTVBbkVlU3lGM3Vvcm1TTU1sNmpIZFhKaXFIaFBBNi1MbnRUX2hzUEl3S3lfajdiQmEyMlhtR1RCVWZfN201THRKRnozYjc2VWxLV0xZcHIySnN4WTNaZ2I1RzBXZjNURXV2S2NkZTFFdUhUaGpRM2lHSnlKX3dyV0E2dHRjUGJpQXY5UEthNTRVVV9QRmZCVDdyM0YzN0lxQ3oxTVVMWnN3Wi1TX05Bb3ItMjlDOWM1NG1YS2pZS2tfYlpYbWs5NHNraWnSAdIBQVVfeXFMTW56ZUJFclE0c3I1QlAyTVlKNmdZdVM0ZHFlOGVGejd0ZDQwb1hIS2FrcU1CM0hkRmxtSnlzWUlGWGV3VWlVaEhOVkJJc0tzMkZDWVVLWEkydWMydUxWeThTd1Mtell5ZUhxR2hrd3VwWDMzc2Fha1ZGdzVwYVZ3dGZCZ1BMZWNtelRYNDFTcVR3dkhVNlNVTlE2a2xHZ3Rzb1lIS1NhVTlLNnBpY2hVVzdBMDJvdm15RXRmdzN3ZFJ3NFhjaGlBN0RzWDRsY0hJYS1n?oc=5,2026-05-03
google_hi_lahsun,2026-04-07,"नीमच मंडी भाव 07 अप्रैल 2026: चिया, अश्वगंधा, लहसुन और सभी फसलों के ताजा भाव - Kisaan Helpline","नीमच मंडी भाव 07 अप्रैल 2026: चिया, अश्वगंधा, लहसुन और सभी फसलों के ताजा भाव    Kisaan Helpline",https://news.google.com/rss/articles/CBMihwFBVV95cUxQTTdyZ0FLekNfM2NVRkdsOTVzRWdIN19lNmhxWlY4eHVWNUdsWUxOdmZkZWo5V29MczZORF9RWE1aT1Z6NTZuSHk5T01FbExSNnRxY2J0M0VMN29KM1Z0bFVacVgwaWNNamw2Q1U4UWptUTczb0hXdGd4eGtwcUNoX3ZEM2R0c28?oc=5,2026-05-03
google_hi_lahsun,2026-04-06,"Kota Mandi Bhav : गेहूं बेस्ट व लहसुन तेज, सोयाबीन, सरसों, चना मंदा - Patrika News","Kota Mandi Bhav : गेहूं बेस्ट व लहसुन तेज, सोयाबीन, सरसों, चना मंदा    Patrika News",https://news.google.com/rss/articles/CBMitwFBVV95cUxNRmxTRl96Z0Y1WnVhQXE5QXpFVmZoSVJpSWxORGtQM3ZIcld3SDB3d2l2a0Q3VlF2QVllLW1ZYWczeTZPOTlsbi1pSTk0U19zRkN5Y1lYWlZPT29nOWpLMWdsVjVIT1hOWVlONjloeVc5OXo5NmRoM3M3VEFQaFBqb0taRVZITFliTnA3X2Q5Z3k3WE9VcnF4V3NUTEhzRXBaeENoNFBqVzIwYkd5SVl1cUZCZ2VnbVnSAbwBQVVfeXFMTmJiT1BHRVR6VHlNa25VcnVKNmNudnl3MURWQkpJUTlpX2J6YnJwd2pkbDNmY2wzVXpmR2J0WWx3OFIwb1BVcU1hWGJTWWhMZDhKcEJKVlBTdkdoSEw5ZFd5NXlQYUNIZ08zU3JwWE5oV0s3N1VQTUpUbGU5X04wa0hLLU1MalhTQWtwZVJfVmtmMUljcnRnOXp6MndHam1TS0tnODVHUFZKaEtwMDdWR2h6TXA5UWNoQll4bzc?oc=5,2026-05-03
google_hi_lahsun,2026-04-05,"Kota Mandi Bhav : गेहूं व लहसुन तेज, सरसों, मैथी मंदी - Patrika News","Kota Mandi Bhav : गेहूं व लहसुन तेज, सरसों, मैथी मंदी    Patrika News",https://news.google.com/rss/articles/CBMitwFBVV95cUxPUDUyUEV5X3pFWXF2YlRqcVRRNXFtWlNrVXBKRF9teERRSWRIRmdSd2xkVDE1TkNmbEVoVlYyaDRjYkRTRVJBRmpSUVp2SjUwT0V4d2RyWVZCNEQ3cDIyNVJLWjJTcjZwT2hyN25HUnM4NUhGd25vNnh2Z3BLV2N3VHBYaGM3OEhHY2wzdjVJclBlbjFPTUY5T0p4OEsxQUo3enByWkdWbXRrTWxzcHRlVnZpa0VWZ1XSAbwBQVVfeXFMT2QxSEhHLWpuUkdSWUZXWF9zdGFDUjlWSUNRSWo3ekV3UkdUQmpycFlXSVZiVnFoWEVQSDE4amxMa0dKTWFiNFpxbC1mZG9TMlltd0pZbzBiV1hTNDhRQVFiN29KSVhVdDdNOElXdWtlUGhfLWgzWTc5WVQwSzIwTVBpclZHVWc2bHM2VURXQWZuaTNibUFMZnRudkFYV0lXTWlaQXVQeDJRV2RiQVNSVlVCa3lURk1tNXJ1N28?oc=5,2026-05-03
google_hi_lahsun,2026-04-05,छबड़ा कृषि मंडी में ऊटी लहसुन की आवक बढ़ी: अच्छी क्वालिटी वाला 15800 रुपए प्रति क्विंटल तक बिका - Dainik Bhaskar,छबड़ा कृषि मंडी में ऊटी लहसुन की आवक बढ़ी: अच्छी क्वालिटी वाला 15800 रुपए प्रति क्विंटल तक बिका    Dainik Bhaskar,https://news.google.com/rss/articles/CBMixAFBVV95cUxPOU1HZFk1VU9QbDZlTXpWTnhReDhKUk12ZFY4MzhXWDhaQl9YU3NaajB3TVlUaDFXTy1kdnR3d3Q3YVhfSWJsemtkZWhaNy0tT19qV1hKMjI3MmZOQTRxaTBVN1RHWXpzMms5X0Y2cXdGOFcwTkhwRkFLYkJoNkFvcGFGb0R0Zjd5NkpIUkRHVlRYOWF4aURBVlhtVm85bE5zNWtsdHRSXzkyLXZUSDhQTWNlUldFdE4teWgzTmZYUzM2dE0w0gHKAUFVX3lxTE5KX0ZpQjNlYmZrZUluZzd3TGtFdTU5SFNjbE5YcHB6eldfbmh1dFp0N3ZlRDZzRUMzai01eVhSbTlkWkJHSE80TE45Q3dzUW84OTZZalRnX2xvQTNPenpUdUZvU21ISWVnclllMFJRVWMzOEFFSnFFdV8wcXlrZnF6dmZtMmJVd0VVN0VWb25yTC1lZWtfclBMOElwN2RmX3YtblpONHVXc3dycHJiczJBal9RckhLb1dNWTFxRUJMYW1tcVJjaTFGd3c?oc=5,2026-05-03
google_hi_lahsun,2026-04-03,"Baran Mandi: लहसुन मंडी में बढ़ी आवक, 14500 रुपए क्विंटल तक पहुंचे भाव, साउथ समेत गुजरात, महाराष्ट्र से आ रही डिमांड - Patrika News","Baran Mandi: लहसुन मंडी में बढ़ी आवक, 14500 रुपए क्विंटल तक पहुंचे भाव, साउथ समेत गुजरात, महाराष्ट्र से आ रही डिमांड    Patrika News",https://news.google.com/rss/articles/CBMiwAFBVV95cUxPTHFhYTFGNFJQUGtRejFCUUVJb3pITVZBelhZWl93QktjWk1CeU1xNG44M0ZxSi1HTV8wVlZLZE92cDFWa2stSVJGVVNUeGliMlRGTnQ3QWRPM3hQZzk4anFLQzg2V1d1M0daWkR2c2REaEswNF9IeU56WndTVmhnelZqTmlPNlNGNGhTWlhKWV9HN2VLV3dVVnV6OXNKQmFfdnpGWFNRZC1sZ25EZGdnWmhkcWlNdzFMelN0bk5wZFTSAcYBQVVfeXFMT24wOGhVR3EwWnpUUmMzaWZKOURaNVRtZVhyYUZGaHExYUVvOGdmMVBISURQem1rM25Mand5U3ZqY0FZUE4tVjBlVTlLRS0wb3huV2kyamFSZWRnV1MzbGN5LW1LVGxQSS0xQ3Jua1Y4VjhyMGJHTU1HT2ljWjU5eW9wSnFwWFhrNXFnUXI0dTlWcmV3ZnlYUkJPTkJDOGpjZlAxLXhNOW5jYkExWnkzWFlTZVBaNTdCRmNpbHBVak5MUXhPX2pB?oc=5,2026-05-03
google_hi_lahsun,2026-04-02,"इस बार शुरुआत से लहसुन के दाम तेज, 30 फीसदी बढ़ गए दाम, व्यापारी बोले- पूरा साल ऐसा ही रहेगा - ETV Bharat","इस बार शुरुआत से लहसुन के दाम तेज, 30 फीसदी बढ़ गए दाम, व्यापारी बोले- पूरा साल ऐसा ही रहेगा    ETV Bharat",https://news.google.com/rss/articles/CBMi9wFBVV95cUxPQ0NJSnV4NFpsOXhWZW55S3JaYlBZUnp5cEFqRS1mYTJKcjNKcFVSSHU2eTBaQjFEYUlhbXhqbmQyd1RHVVRWQVJUbXZXTnk1dzNadDA0dFFzc0tmU0ZOem1wX013bi1fazhZcVBGY1ZHM3JZVVhXcFNnRmFraUJlUVBfX3lqYV96N3J4V19lZlJLVUZWV19CRzZncktMMGwwRy1TTkNfSVJTa3A0YUZSaVVmU1VyV0pXMGs4QjJRUlFQWkwyWEp1dTFTZW8wTGNzaDZiUUtYYmlmRUYwLWV1WXd5U25DXzJianNJWUtWX2ZWTHRSMFJv?oc=5,2026-05-03
google_hi_lahsun_mandi,2026-03-31,"Heavy Rain: भामाशाह मंडी में भीगा 25000 बोरी अनाज, गेहूं और लहसुन को नुकसान, गुणवत्ता पर पड़ेगा असर - Patrika News","Heavy Rain: भामाशाह मंडी में भीगा 25000 बोरी अनाज, गेहूं और लहसुन को नुकसान, गुणवत्ता पर पड़ेगा असर    Patrika News",https://news.google.com/rss/articles/CBMiyAFBVV95cUxPTXV2SUE0X2Y5NXlzSHVRR0lnVjc4R3hMS3N0RnRwYkpkR1dWVnptSURuZ2sxVkN6TlpwLXYtUWpoUDRaVzJsYXRoVEQ3MjBvRnZ4LVp5VC1HclZaUTBYWFlyQjdoNzZjWGpTNm1ETWtkd3hIUm5pMDJtWE9CbHRGYkJxbUtSTVlKdjh3dUkxOWUzRFBVRFBCZlVnRlI5SHRSWmZ0eUJaQmtDLXRBVVdvZVpybFd0QVZTSDc5Znp5VEpud0NEaHRFZdIBzgFBVV95cUxQTF9NRnhsRnlzWGtRUmFkblFYMVRoRWZEU0ZLY1RqRjNCSHNyR0NwMURVQ3hrZVpwaUZjbF93dXNWNEVlS2pVTTd4Sk9IcmRuOXUtMUlMNXlpMjk5MUo5TlYtUjRRMVItaF8ySTdIWEQ5SS1OX1BzMUY4WUFfOU5ES3A0MDFiMjBTcWpkMTdIbGpkLUhSVW5HTnNTXzZicWJOT2NqZUpGd3dqVUFWVkE5YUg3cERlNFljbkFpZ2FLak1IcHRGX0prb3U4R2RUZw?oc=5,2026-05-03
google_hi_lahsun,2026-03-27,"कृषि उपज मंडी 27 मार्च से 5 अप्रैल तक बंद: पोलाय कला मंडी में प्याज सस्ता, लहसुन महंगा - Dainik Bhaskar","कृषि उपज मंडी 27 मार्च से 5 अप्रैल तक बंद: पोलाय कला मंडी में प्याज सस्ता, लहसुन महंगा    Dainik Bhaskar",https://news.google.com/rss/articles/CBMivgFBVV95cUxQSDlRRHY2VTUxYUQzM2RnaFFrdzlmOEk2Y3ZQalFoZnN4V0ljRTkxWGhkeXNJQ1VwSFBhU2JTUTE0UWR0MHlGUENFaWFvdXFpcXZRQnQzNXJiT29Pd2R1SldDU1RjOEhkMjlGaTVXbjRBaHJ2MGJyRFB2OFR4Nk1kY2ZKRWJQWFNlcmZMNlBPWWRCOEdhWU5Rcmx6OVJjNjJxbDBELWp6NG9tcko2U24xZEJOOW95MURxUlExR0tn0gHDAUFVX3lxTFB2NGo2ak1RVTlqZk1YMUdLSUpOT1owRGtXU2k2YldaZlh1TVNjVk9ZOGRGWm1IaEZjdUtRY2pBOWprNl9OY21ESXd4S0ZPU0lPYTF1c0UtV0R4OVBLLUlmallYbFEwLVBIZGdaRW9YWm5kblZZUVpFcEpmY0V5dEdDeTFYc1l0VlZ6RW56akUwdjNEeHo5NlpkZ09Ma2NOSTIwbi1vSWZlMDd5bUY3MDlYRXJxUU9UM0tfX1BCbml0OU9LMA?oc=5,2026-05-03
google_hi_lahsun_mandi,2026-03-26,हरनावदा जागीर लहसुन मंडी में अवकाश घोषित: रामनवमी और मार्च क्लोजिंग के कारण 5 दिन बंद रहेगी मंडी - Dainik Bhaskar,हरनावदा जागीर लहसुन मंडी में अवकाश घोषित: रामनवमी और मार्च क्लोजिंग के कारण 5 दिन बंद रहेगी मंडी    Dainik Bhaskar,https://news.google.com/rss/articles/CBMi0wFBVV95cUxNeHM0Z3poRDNNSDV2RnB6LXE2X2FiNnU1SWpTS2lkejV1cm1YRmtKVHhPT0tXYXFSVVVEeEt6cnJiRkFMcmJvWnhXZ2R2UFFrY240N0plYUJEUnc4UEpDdDYydWJkbVlMOExaeXNmSHNVYmlFZ0lZTnhMbGFwX1RVQTJVT0Q3clB2Nl9iUFZYQ29ocUh6R3M3REVPTEJwbnE0OHh5Y2V4S3dPSXhVdS03VTZtTnRabzlYSmNnNllMYVIwY0s4ckRDeTEzeUZTczk2VjZF0gHYAUFVX3lxTE1BWUNSc1pBeGIwS2hNbEY0V212Q2pzb05CcjR0WmtKZXZjUUhqOVloSTUzcVI0dlNmWjFZQ0c1SzVFNzJwTHFsTFh1aC1Edk9xYU1RNHZvRXF4UXc4UWJSZlBBbVkwVjFVc0NjUVRPQnZ6RnJkVVlmREM3R29JUDdZbFZWcjVfT3ROLVpPRjMwMjBKSHBNcmZsMmJrcU10dGQzWFVES0JIZkVlc2xQMENzb0IxNFE0NGpabl9ZUC1taXlSZG4yVUFFdDVjaXhiaHgzSTVtcXB0WQ?oc=5,2026-05-03
google_en_garlic_crop,2026-03-23,"""Piolenc garlic plays a key role in extending the French garlic season"" - FreshPlaza","""Piolenc garlic plays a key role in extending the French garlic season""    FreshPlaza",https://news.google.com/rss/articles/CBMixgFBVV95cUxNZXZjdks2alZHbzlMeVpmYXp4bnhsUS1vMUZGczBIeFpfMWJpNDdsbGNPSlFydE9sUHFySTFMRUtWbDVnNVZEM3hRSU5sYmtsSmwtaWg1ZE5INWkxS1FYU1NwWWpZdEFqclFjYzN6TlhhRDllVkFvZlAwNXlzVEV4ZW1rZkV5UXpfaEFlWkV6TmNpY1JodDJUckVwS2hLcERQR2xQZWk0c1B0YU4zcWV3bUJweTJQZU8tY3ozQnZLS1pXZ2tGRVE?oc=5,2026-05-03
google_hi_lahsun,2026-03-23,शुजालपुर मंडी में लहसुन ₹8800 प्रति क्विंटल बिका: किसान बोले -धुंध से उत्पादन कम; दाम ₹20 हजार तक जाने के आ... - Dainik Bhaskar,शुजालपुर मंडी में लहसुन ₹8800 प्रति क्विंटल बिका: किसान बोले -धुंध से उत्पादन कम; दाम ₹20 हजार तक जाने के आ...    Dainik Bhaskar,https://news.google.com/rss/articles/CBMi2gFBVV95cUxPb01jREVTbnhvblVUZFdvWjlsLVVJSWpfUmU4MV9fdENlc3I4ODdtQzZ0dDVPUFc3WlJxRzd5dThWcXIxSVVZYk5kY1BZelJQVkw2cUQ3cnkxR05SRHFnRDFGRFVKSHBQU3pwUW1NejZ1ejJsU0RxWE5Wak5seVVtTEVyZ3drYVlqTnIxQUZiRnF4TmNuaWRSemY0MnlCTklWZWZYdUUzbGZORFNDZmdMekNPamk5ZF9FaERKREJEekt5QUptRUtZb3Mxal8ybnRyUFN5VU5sNFlBZ9IB3wFBVV95cUxNYVZLSHl3dEdXWGUzUHJBRklxMW5yQXZEYjYtTHQ4ZW1FV2xtZklVRzVGQjhqV0w2TTdMSmtFTEtHcUZiRl80d2I1aG45MFhGVzRDNmtVWGNuWnFXQlJ0MEtmTHNTSGl4UzJBX0lWcXhqWUptMEFSWVFCVG9hUFdMZG9USUtVSEJBZWhkMzZJX3gtZE9lYVp5UUZOQVp5YVQ2Wk9HbzR3cUpDMmZFV0hQNjYwWTc1bTVfMzNZVVV0dVpnUnpLZURfXzRDXzBrTXZrUWZTbHo2emF4RGZmSUFz?oc=5,2026-05-03
google_en_garlic_exp,2026-03-23,"China's Garlic Market Report 2026 - Prices, Size, Forecast, and Companies - IndexBox","China's Garlic Market Report 2026 - Prices, Size, Forecast, and Companies    IndexBox",https://news.google.com/rss/articles/CBMimAFBVV95cUxPb1ppb0NnT193ZXk1LXcxME1ZbmhvZjFLN192MDE1NUt1VlJjeWtwTFJXQmFWVjdBWW94bHMwNU1pUEdYZjFwcnVOemJtZXdIN3g2TzhRZ2R1TmFIMHo2ejJDYnlhVlhxU0RkTm93czdqSG0xcVM4S2JqbGdKbUJYcFZIUlY2Y19iYTdnTUxVOERHZ0ZVaENGRw?oc=5,2026-05-03
google_hi_lahsun_mandi,2026-03-23,"Mandi Bhav: इस मंडी में 1 रुपये किलो हुआ प्याज, लहसुन का और बुरा हाल.. किसानों को नुकसान - Dailyhunt","Mandi Bhav: इस मंडी में 1 रुपये किलो हुआ प्याज, लहसुन का और बुरा हाल.. किसानों को नुकसान    Dailyhunt",https://news.google.com/rss/articles/CBMiggJBVV95cUxPWkdRbndRUEZEQ2daaWhCRXloZ3lqc3NrckdwQS1IZ3IycWFQM0JMUFE5Q0paVGFPLXBzbF9jbTh5X01fLVdPSVZPbDZiLW9fRDVCb0h4LVFzR200LUFlRF91SjVQMzZDUzU4QjM1ZUZSRjYtOVJJcmhlSWZNTzlkV3ZxdlFlTHhsSVI4Rm9RLTEzVk9FWENIb29CdHFGeThUWTFzeHp2enVVRUdERWFKWkFmTUpXVmxyc25nbDRXdncwUlBycWJQSTBiUzlXdmcwZERxWXo2ZHV2UEczelpsX1V0TGRTM0RMNVRMY1EtLVJQb3lrTS1vYWszQm1hc0M0S3c?oc=5,2026-05-03
google_hi_lahsun,2026-03-18,"Garlic Storage: खुदाई के बाद ऐसे स्टोर करें लहसुन, न होगा पीला, न सूखेगी कलियां, बाजार में भी मिलेगा सही दा... - News18 Hindi","Garlic Storage: खुदाई के बाद ऐसे स्टोर करें लहसुन, न होगा पीला, न सूखेगी कलियां, बाजार में भी मिलेगा सही दा...    News18 Hindi",https://news.google.com/rss/articles/CBMi9AFBVV95cUxOQWRXRE90RkdGcUZ4QU9MN0tiZHlfVElOOTZpTy1WYjNncERkOWcwU2E3MENaaFZwRngzZXFyS0RkRnZnLXl1d2ZuUm9xY2lYcFJncWE4QlBRQWZjZ3RfSW5nc1ZKZjdYa052MDM4VUtOTkFvOHlmNURBOWkxb1ZHZE5VQmw3MnJkcHpVTXVVNm5vUnZmVkREWWJUTmpNeEFLMTdEZHdlVlNuXzRKVGFrMHhWN0JnM0dDQTVjUGxoaGQ2QWw3NldpZWhlakp5ME8yNkgzZGlpcFIzcko2ejI2cGplemdrc2hpRzRIZ1RFNm0tbDdq0gH6AUFVX3lxTE8zNU5hTzFfTnduQ1dNeW9hNEpsUE9Rd0xvMUhtamdXaGRDanMzbVBzc2g2X25yYk90OEd0Vk5rQjJMdFBaaW5uYTF5SjN0TWdQYmQxMDVBSVpEQTNXYlV3R2w0MzNJV3dKTWMyUEhHUnJIVTA5QzV1YVNMZ0RTeEdEMzhOaWFUMVYwQTZYdTlZTFljRGxSS3dYbktfTmN1V2l4Vks4eHFtQ2pHdkZBbDlBckh3NHFENDlqZTl2Y0E1RFgzNXFXRnZGemtROEE1MjJsblZHYll1aFhQakd2Y1pJTzJjcmVRU3FCZzM3dUFWVjdjRWJ4WkRkN3c?oc=5,2026-05-03
google_hi_lahsun,2026-03-18,"नए ऊटी लहसुन के भावों में मजबूती दर्ज, 1,609 ढेरों की बोली लगाई गई - Dainik Bhaskar","नए ऊटी लहसुन के भावों में मजबूती दर्ज, 1,609 ढेरों की बोली लगाई गई    Dainik Bhaskar",https://news.google.com/rss/articles/CBMitwFBVV95cUxQdENadXlzc3pqeFJPakptNWdMQ3IxWkJZUTNzZlFVRlBUQWU1YmVzdzBlVk5CamJUNUFyVFc1b1d4ZkdMWk9ENmwydnY3eERlVjd1b2Vvb1N6dEFzaHJfWnJ5TzkxZWpzNWtCSHN6ZG9ib3hSZVdXX3lvYjIyUm92b0dxaWJ3Ym45Y2NlNVFPbXJkOWVuRFZHeTRYTnltUUdSeEJ0cHo3c3VTRElPYTg5bXctWmNhWFE?oc=5,2026-05-03
google_hi_lahsun,2026-03-16,"छबड़ा मंडी में ऊटी लहसुन की भारी आवक: 11 हजार से अधिक कट्टे पहुंचे, किसान नीलामी के लिए उत्साहित - Dainik Bhaskar","छबड़ा मंडी में ऊटी लहसुन की भारी आवक: 11 हजार से अधिक कट्टे पहुंचे, किसान नीलामी के लिए उत्साहित    Dainik Bhaskar",https://news.google.com/rss/articles/CBMiywFBVV95cUxQdk4zT3ZPQk56Rnh0aTBzdHR5ZC05NHRrdWRsREhkc3Q1dDFsekE5SXhRSlNQM2c1X09qUWpwSlJ0Z3U4QTJsM2FWeXQ5aVY2QzIzN2p1eGdMNmFmTV94ODd2Q1V4amduNXFldDB0YXlSd19NcUlrV2xYOGNZTG5XVU5aemo0Y1JyRFA4M0d3ZExhRVBONDJsRHE1dUJsdVJhMzc0OHZmZjE0a29mZWdYOWdnUFhIUklKQnFvRFl2ZU5HZlBoVlBtS1ZQc9IB0AFBVV95cUxNZ3FkTG9keTgtOWNOeXQxNThmWnloWWJFeWkyYkllVS1jZGNmRURqa0RlcG0xNkRrcVF3VXpmUWZneUtYOHEtTF9lUWt5WHlGZjhHV1Z3VVdKU1VtT2JBV2dBMzJmcnFmWjd3TTVPdjRwNUZHdS1UZXBQeDVJemE1eUhuS3dfNnZ3UHc1QThZVGhnbTdYVFhxeGtnUHJxNGxkTWtvTlpWVFpha0Jrb1R0NkZIZktrRE5BZGNiam9JQVhzTjJURjZKOFRKclhCYldh?oc=5,2026-05-03
google_hi_lahsun,2026-03-16,"Kota Mandi Bhav : गेहूं, धान, सोयाबीन, लहसुन मंदा, उड़द तेज - Patrika News","Kota Mandi Bhav : गेहूं, धान, सोयाबीन, लहसुन मंदा, उड़द तेज    Patrika News",https://news.google.com/rss/articles/CBMiqgFBVV95cUxNalZPNWhBcERpSGZrNUtkc1NRRElBNGxESHBrRVpZYVVwX19BYy02VjBybTNMX0xaN19XODV4VXM5eDVzcERXTnljMUk2X2JZWUU0dk9YNDVrOFRsTkJfak81R1dBNnFkYkQyZWJyUjBkTURETy1hb3FKNDFVQTc4eFJxZW51VUFtZE5UU2hYUTBYY2tvUTNiWlMtT3hqcDJfUXg4eFR2V3R6QdIBrwFBVV95cUxPZlEwaWlDZDhIbXVPZVZIcE5rV2wwU182aU16cEpITWJvcGRIX1Itd1dMZmtEdmVpN2hUNFoyN0JWdkRTeWV4eXotRHlheEMweEtTXzU5YXZteGY5LW1xbmJZQlVySHB3cEk3dVM1VFNBeS1EZGdaZEhHQWtaRGtFaGg2ZUNRRU5WczlzNVlsUmU3ZjlHaEQzLVFqSjhLN0lwSDllRENxd1lpZTA0VG5r?oc=5,2026-05-03
google_en_china_garlic,2026-03-13,Modeling China carbon-certified garlic supply chain under EU low-carbon policies: evolutionary game insights into investment decisions and consumer preferences - Frontiers,Modeling China carbon-certified garlic supply chain under EU low-carbon policies: evolutionary game insights into investment decisions and consumer preferences    Frontiers,https://news.google.com/rss/articles/CBMilwFBVV95cUxOZzE5OVNTaUxsZmxxQ3g1RS1qZU5SRGVHRUk5NDlxMG5CSnRPS2N5MWJWd3VaMWV5RXdvY0VHdWMtRWs3UC1uNFdpRTA5SHhTSm9GQ21rUHoyd2NrX0ZpVHlvRXJmQnM5MktpcEFGc1RJNmR2OFVfT3lJcm52clpSMklybWN6ak9JU19TTi1mRWtzSXNTeWE0?oc=5,2026-05-03
google_en_china_garlic,2026-03-13,"China's garlic exports rebounded, with strong market demand and slightly lower prices - FreshPlaza","China's garlic exports rebounded, with strong market demand and slightly lower prices    FreshPlaza",https://news.google.com/rss/articles/CBMi2gFBVV95cUxOVUk2QzBVenBqd3lKcTBGOFR0andmcS1ObThXcnRxV3Y1X2RhSVZRemZ5LVQ4UnhRYTNDU0NlTnJORWs5NXp3ajd1Z2MxMEM4WWN6bDNjUDNydjBfbmNkTS1vSmZkaEJnNnNDS2VBdHVxdUg0NXg2RVFtU1BWWWNhdXVJWUhaRjhVeVliMU5QSTdlQVFITS1saVRtNFlpYjBOMnZITWRKZW5iWVpMcklFakN1RUxIa0xyNGdlM3Vvc1hXWjQ1RXBkVEh2aEJJd0xyOWdxSFVRbXdJUQ?oc=5,2026-05-03
google_hi_lahsun_mandi,2026-03-13,ऊटी लहसुन की आवक में बढ़ोतरी: छबड़ा मंडी में उच्च गुणवत्ता वाला लहसुन 12200 रुपए प्रति क्विंटल तक बिका - Chhabra News - Dainik Bhaskar,ऊटी लहसुन की आवक में बढ़ोतरी: छबड़ा मंडी में उच्च गुणवत्ता वाला लहसुन 12200 रुपए प्रति क्विंटल तक बिका - Chhabra News    Dainik Bhaskar,https://news.google.com/rss/articles/CBMivwFBVV95cUxOek1aUTAxcnVfdUZWc3l6cHZ4SDVKRnJmaXFpd3lfVjl4R0FwVy16YjlHVURERDR0WFhZcThVNGcxSHdENG1aajE1ak5weFhhMGtXTy1ubkluNE9md3ZIckVBbFlzZVY1d3REeFVtYXloY0tTRFNtbVM4SWR2N2Z6TmI5NVhnNTBkWEhqaWhqVnVNYlEtYmRjX25iTUFOMEZCVE43dnhNdkZ2SHhGSU9xRGpSRHRyQ1pSd3E2WU9xUQ?oc=5,2026-05-03
google_hi_lahsun,2026-03-12,"एक दिन में तीन से चार हजार तक गिरे लहसुन के दाम, किसानों ने किया हंगामा - Patrika News","एक दिन में तीन से चार हजार तक गिरे लहसुन के दाम, किसानों ने किया हंगामा    Patrika News",https://news.google.com/rss/articles/CBMingFBVV95cUxPSTJLMnFsOGcxR2xSWXJaVDZxeTQyaTRhcG5VenlzaW1YbWc0TTlERktNZUVDT1JxcXRtSEJ5SGVwSG1ueTE5RGJTc1R0WEg0ZENteGp5WUNOSVljVXVXVnRXdmF6SE1yU0tXZzloMmxPQzIwQW8teFZxaXhRNE5VN1h6ZnVVdnFFZTJVSElWdUVRQmx6cGJFQXRtZmNEUdIBowFBVV95cUxQOTVuR09hTkhtT1A4c1J0N3RwNjFNd0lwUVhldl85MzUyRzd6cFR3SlVsVjBjN3ZfUGpOQVQ2a2RMX3FQZWxnd3pxeVdWYXg5bVVUM19WOUk0aGh0WGUwZmg4LW10eU1ZcXpuN3YwMlV4UWdKNm5keWozcHlaQzdTRXNOc3M0eVdodW5QVDNEdERUN09FeVlQQm1YeVFCamJCS29V?oc=5,2026-05-03
google_hi_lahsun,2026-03-12,"Kota Mandi Bhav : गेहूं, सोयाबीन, सरसों, धनिया व लहसुन तेज, चना मंदा, खाद्य तेलों में भी तेजी - Patrika News","Kota Mandi Bhav : गेहूं, सोयाबीन, सरसों, धनिया व लहसुन तेज, चना मंदा, खाद्य तेलों में भी तेजी    Patrika News",https://news.google.com/rss/articles/CBMi3gFBVV95cUxOYVRVSFpGS1VLU255MnNSTkVJTXh5b1MwQVcteWJMTzliZWlxZHJabGpTM09KREVaUTVHX3hlTFNMYXl0bTZ2WG81dFpURlVTNW5Kc19jUG5jeXVpbjhGczFLMFRjMW5YNF9DSW1uSzJmR3BLRm9kd2RxR3lselhNZURjQl9WaHZZWUVtZnhadEowRnlfZUM4QjlkTXFLRzdQVWV1QUdISklZMFNlaGh1em03dnFwVGhySnl3YjZibExnbEluUnZKamJ2YlVnSlVQTkFLX1prMl9qbzFQV1HSAeMBQVVfeXFMT1hxZ1RKVHVWVHl1NEdITXQ2U19uOEtRcnM2TjIzakJWRmhYMlNsekk3WHB3cjNOSEViQ0RJWEtva2ZSSHA3T1VEdmNJTGZjWTZGSk1OMHR5UkRrVmdQZzlHMkZvaEZBY0dKQkJxUnNYdlhWcDVVak5UT3piMkVXaDNFSFI4bEZMcUpnTU8tM0VGYkxya3dES3Q0eWoyX19VYjFIeDVaSmh0WkVCbUpGcEJMaWJrOFBoUUwyanF0RlVhbkgtb0EzdXowdHoyRlhoc3kybERqOGhJRmV0ekhzX1pRVTA?oc=5,2026-05-03
google_hi_lahsun,2026-03-12,"ऊटी लहसुन की आवक बढ़ी, भाव 11300 रुपये तक: उच्च गुणवत्ता वाले लहसुन का रिकॉर्ड दाम - Dainik Bhaskar","ऊटी लहसुन की आवक बढ़ी, भाव 11300 रुपये तक: उच्च गुणवत्ता वाले लहसुन का रिकॉर्ड दाम    Dainik Bhaskar",https://news.google.com/rss/articles/CBMirwFBVV95cUxNdzNtajBVX0Q3andUa2M1b0pnS2xWYTM1eHMxdkZFRTd3TUZCdkJCY0NrSTZzQzlfaURYOGxBcHF2QnBaUzNwN3AyTW90UG1PZEpORWtfQnBwamlNbEI0R0gtUTVXb0xPYl9nak9zWDRTdDY5SHNKNkpjWmV1Y1UtOFlYeHRVdVZlb2I5aFhTYVp0SHdjOXcxdnhQVno1UnIzRUNuWl9aMGdDaVJhbHBR0gG0AUFVX3lxTE1OSFpWekh4bmVxeFc4RHdQcnppVHhJMWlwSFZudXNDU2czdkhFWms5NFEybV90VUpUbjQ5TVo1a21nZGU1a01MSU9ZeWZGNGNUY2M4VDMtbklwR2FFcUxRbDdjanEzbG00dmJOckI5TlltdEkyVzU1XzBteUxmTnViVVRtaGVWV2tSTkFDWUg3aU9kd21JZlNTZk9zMDE2YVhweHVpa1ZMWWwwTllRdHp5eTBGSA?oc=5,2026-05-03
google_hi_lahsun,2026-03-11,छबड़ा मंडी में ऊटी लहसुन 11800 रुपए बिका: उच्च गुणवत्ता वाले लहसुन की आवक में वृद्धि जारी - Dainik Bhaskar,छबड़ा मंडी में ऊटी लहसुन 11800 रुपए बिका: उच्च गुणवत्ता वाले लहसुन की आवक में वृद्धि जारी    Dainik Bhaskar,https://news.google.com/rss/articles/CBMitAFBVV95cUxNNklIZ2hBMXRqNjFwM1lTbWJtMlYwX0hVb0FXNzJvaU5sS1N1LWpqeUQtcUMzUUNIYjRRQm1kRXpBcjlBNnBxbkJIbHdwRjUzQ1pFaTZ4ZE8yQ0oxVGt2QlpDUlZJa0JwV2VxdU11YV9NUWpONWU3clNjRjdqX3dVTWl2dUtiYlpZMS00NU1oX1FBeGd3VXlucUtaTnBuS1R2SEFfS2hkem9nQjMyQjJNTUdQZFHSAboBQVVfeXFMUHlQeThOZkVaUWUwZE05Y0MyYmNkdWItOTNvVldpbkhzdnBhNU81aFJvbENOSzJYZTlpMnJCYkdPQ2l0OF84bm42T2dTQUJ3Y2lyZndKcG9zMWpwMzhubDlYWDlkdUloTGR3VHZiRGh2NG5faDdWVnlUenRUYlhiTXFIQy1kSWRwdlRfXzAzandlM2xCZ0xQVE8wVWZITjRWc3JGbVRQOXlFUEI2NHYyQ2NaYXhSVm1LT1Zn?oc=5,2026-05-03
google_hi_lahsun,2026-03-11,"मंदसौर मंडी भाव 11 मार्च 2026: लहसुन, धनिया, सोयाबीन और चिया बीज के ताजा भाव - Kisaan Helpline","मंदसौर मंडी भाव 11 मार्च 2026: लहसुन, धनिया, सोयाबीन और चिया बीज के ताजा भाव    Kisaan Helpline",https://news.google.com/rss/articles/CBMiiAFBVV95cUxPZ2dkRFdBY3ktZFRIX1gwUjB1aWc1aXJuM1dHWXM4SXFTbVpOamNaYXZjd0hEejdiX0l3azdiMDIwZEpjRmNoc0RfSXhuTlBvREo1YzF6QWRISm1mTGVKUHMxYjJhcURiaDltVEtfTXZjNlotRExMODBmNFRubENoYVV0RjE4dGFP?oc=5,2026-05-03
google_hi_lahsun,2026-03-11,"Kota Mandi Bhav : धान, सोयाबीन, चना व लहसुन तेज - Patrika News","Kota Mandi Bhav : धान, सोयाबीन, चना व लहसुन तेज    Patrika News",https://news.google.com/rss/articles/CBMioAFBVV95cUxNS1hDOEhoTWZxY3c5dWVHMjk0STM4OW1tbHlZOEFXQU9wLUlmdFVvaVBsUTQyc3VVWTF4X1RGR21wWTc2Q2RUSE5PQV9BYVZQdXMxYmgyOHJFTEtyamNSbmRZeEtCRUZKdTZkMFhhRElaU2RhamJ1LW1EcERZSjFUUDRlZU0wZ19ITzVIQ1dEWk9jbzEyenJiV2xwZmR0SGF40gGmAUFVX3lxTE1MUVp2bnE0TWJ5a3E5YU00bU5TMEd5UlRUREpvMGhLRVppVzRIczhJdnVCOFZCWWlaZ3otRm1zcjBGYkVua083aWtleU9iRjJKRGhHY2YxcDRlbVZfb19BQUdZMG54UDg3WllHSDR0NVB6eGtLWFBvSTNmMFdxSlNBMkppbHdoRUFQM3BBTXhsUTFaNHh0aF9UOXNkOVh1ZTFYRm9vcmc?oc=5,2026-05-03
google_hi_lahsun,2026-03-11,"नीमच मंडी भाव 11 मार्च 2026: लहसुन, धनिया, अजवाइन और चिया बीज के ताजा भाव - Kisaan Helpline","नीमच मंडी भाव 11 मार्च 2026: लहसुन, धनिया, अजवाइन और चिया बीज के ताजा भाव    Kisaan Helpline",https://news.google.com/rss/articles/CBMihwFBVV95cUxQN1FJYUs0ekpOT3pjQk1sT2t2SXlsUXZ0M0NTeUhWamFXc29mcVhiODk0MFBNWWExMDZ0Vi01X2xXQXNoYUp4MnYtbkRVM3lqSVlvUUktb2tZdWs3V1J0R1RmdEpaWUJTdkdWUFRiNVNrNGwtdloydmx5WENoR1RmcFYtUV9xQUU?oc=5,2026-05-03
google_hi_lahsun,2026-03-10,"Kota Mandi Bhav : धान, सोयाबीन, सरसों, चना मंदा, लहसुन तेज, खाद्य तेलों में उछाल - Patrika News","Kota Mandi Bhav : धान, सोयाबीन, सरसों, चना मंदा, लहसुन तेज, खाद्य तेलों में उछाल    Patrika News",https://news.google.com/rss/articles/CBMivwFBVV95cUxNSkhPby1Va19QaE4wNHhDNkxZS280eThrQnNLeGJySV9nYnM3d09yWjRVVjdjbDNvQ1ZrYzdGaTZlSG9OS1A3bTZyemoxeHJxS2t6c2NEXzBycE9HSmdVdjJkLWRrY1BhT1M0eWVVUTJGQVJUNXFHem5SN0hqSUlVMVBIcmlGUkJpVEVlZ3RFd0tibEZXTWtJUURqTlRzR2x2SDlwenpLc1p0ejNWRWlWdzVaNHJ6ZGJENlYyUVJka9IBxAFBVV95cUxNZkJ6eFlqNTBwUUtOTWpsbEktbHJWTl90dXU5TUlFekJXSkFWZklZdUZ6SUItYUtTTnowSFRNYmgxbmJYLWRuWkZZM1BOa1V0cW5IYXBaY3l6ZjVLaHlyWHFnTlA5M3U0VE4zZW1XRk5mcmxaemctVUZTdnR2Wl9vZUlJM2tjUlJCTE1zQ2lOcUlnQ3FGZDRieTRfaVFsWEt1TV80akZMa1ozbmNMd1RlZWkzWEVUczRQUVIxSXdPTUVFcVJY?oc=5,2026-05-03
google_hi_lahsun,2026-03-10,"मंदसौर मंडी भाव 10 मार्च 2026: लहसुन, धनिया और सोयाबीन के ताजा भाव | Mandsaur Mandi Bhav - Kisaan Helpline","मंदसौर मंडी भाव 10 मार्च 2026: लहसुन, धनिया और सोयाबीन के ताजा भाव | Mandsaur Mandi Bhav    Kisaan Helpline",https://news.google.com/rss/articles/CBMiiAFBVV95cUxPc2hrbXFiV3FwYzBSN1BMbjdpaUpMSjFZdlFPVlRkLTFzcGVZajJUX1dHQTR2cDc3XzZKa1FIN2hwR1daaVFzbnAya2JRa2NzS3gtTTNRdWhiRlZWYkVLeUJCT1FTSFZyR044TFZvcm9VRThIUzUzOUxma1ctSzZvZXU3SEFXM19w?oc=5,2026-05-03
google_hi_lahsun,2026-03-10,"दलौदा मंडी भाव 10 मार्च 2026: लहसुन 13,500 रुपये तक बिका, जानें गेहूं, सोयाबीन और चना के ताजा भाव - Kisaan Helpline","दलौदा मंडी भाव 10 मार्च 2026: लहसुन 13,500 रुपये तक बिका, जानें गेहूं, सोयाबीन और चना के ताजा भाव    Kisaan Helpline",https://news.google.com/rss/articles/CBMihwFBVV95cUxNdnJNNkpod3JBa1RXaTVHTGQ0UzE1WW96ZDRQb2ZKenhNVUFmRnhBRDgyS1ptVTJLQzJhbHB1bDVFb1ZQS2RHVUdaLURZd1FmcmYxRjFHT3k2cUEySEFWM0VNWHFucGRTUTZaMHBjdGxNQm42cFhIRkNxUVVSSEU0ZlltQ2dlbVk?oc=5,2026-05-03
google_hi_lahsun,2026-03-10,"नीमच मंडी भाव 10 मार्च 2026: लहसुन, धनिया, अजवाइन और चिया बीज के ताजा भाव | Neemuch Mandi Bhav - Kisaan Helpline","नीमच मंडी भाव 10 मार्च 2026: लहसुन, धनिया, अजवाइन और चिया बीज के ताजा भाव | Neemuch Mandi Bhav    Kisaan Helpline",https://news.google.com/rss/articles/CBMihwFBVV95cUxQUmQxa2xnUkgtc2FueDlIYVE5bkpqOE84UF9xMUprY0QtSjJDeDVTMWIwbG9xZ0plY3lIdzVlbWF2VVpMX2RoWFZ2eS04S1ltRDlEb1NsZFpzb0dzYlo0c2hrdW56YTFkVXRzUjVJZXM1Wk5yMzNOaEJMYVZEaU9NRUd6U3NNODQ?oc=5,2026-05-03
google_hi_lahsun_mandi,2026-03-10,"हरनावदा जागीर मंडी में लहसुन के भाव 12,605 रुपए: नए ऊटी लहसुन की नीलामी में 7133 क्विंटल आवक दर्ज - Dainik Bhaskar","हरनावदा जागीर मंडी में लहसुन के भाव 12,605 रुपए: नए ऊटी लहसुन की नीलामी में 7133 क्विंटल आवक दर्ज    Dainik Bhaskar",https://news.google.com/rss/articles/CBMi3AFBVV95cUxQVlkxNkNvcUpuSl9IbEl5eF9IODhVb0tmRmN4Wl9tNU5Wbk9oTDJ3Q0tFQzRnRXhabTBSRDRPUmhyYWlmOVpXN3diLWVBQXB3VWN1bVZYOHZEVjNDNGc4SC1EdEJ1dkhGUDJWV1YwWFVmRXBZQ3phZ055VEd2Qjc2eTZHZFVYVXg3Qlg1OUZDN3NFMmk1TUYzNjY0bFYtNHRETk1hTHNhV3ZlXzZpdklqQlNsZkpxVWtkYi1WTDZXZmlQOXBnOTFCSU1DMDI3WUtLZ0RsWFNoRV8xTDBx0gHiAUFVX3lxTFBwT2pYSVhDN1hwQlY2dnExUDAxUWxGY3hlOHUzNnNnNC1nMVY2enJfanYxdmg2UG1vbFZ6d3Z4Qi1nYjMtSG5MdWxXZ2FoR0s3dGVuSVg0eUVLMTFIM24ySHFfT3lIT19LQzlMMVFLSlBwSllpc0ZKMGpfRGE0bk9Md0JrRE1aakNvNXNIdVFZbXFOcWZaNjlmNFEzR0JEOUJvMm5Nek0tUEV5R21BZkNocFNRS083ek9SNU1pdXE1cWJVWVJBWlM2SUVMZlN6TGplWTVrX3NsUHQtT2dub2JxUGc?oc=5,2026-05-03
google_en_garlic_exp,2026-03-09,China's garlic export market experiences increased volatility - FreshPlaza,China's garlic export market experiences increased volatility    FreshPlaza,https://news.google.com/rss/articles/CBMiuwFBVV95cUxPYXA4akR0MWZJRGNDaDhjUndFemg4YUpsendpSVdxZlczNkV5WmpSTzJ6Wk9ESU9GQ0Ztc21EeXFoQWFSZFpqbzhqcXpDTXNhS0t2ZGZXQlVScDdSSG1CRHN5M2RUelNtTDZJQVlvNnNUbW5pSXI5anQ5N2xvLTdBRi1ONDh5SlNuUzBIUHVLRi1UN3FaWWw0ZmExRWJYQnhFQUpQWGQtLTFNWEZKOFlnV3BZMmFFTkVoN2tF?oc=5,2026-05-03
google_hi_lahsun,2026-03-09,"छबड़ा मंडी में ऊटी लहसुन 11250 रुपए प्रति क्विंटल बिका: आवक बढ़ने से किसानों को मिला अच्छा मुनाफा, 1600 से ज... - Dainik Bhaskar","छबड़ा मंडी में ऊटी लहसुन 11250 रुपए प्रति क्विंटल बिका: आवक बढ़ने से किसानों को मिला अच्छा मुनाफा, 1600 से ज...    Dainik Bhaskar",https://news.google.com/rss/articles/CBMi0AFBVV95cUxQa0dxVjJDek56bkZNRnh4blVCbVZsdFdMY3RsQ19aQ3V6WGlWR0g5RmF5a2Z3VU1WcEdpdjNzaGVmSFplRUlRclQyLW1vd2FZTVA2a1dNYXRoWkYyWVN6T0tUTWx6Z0w3VGh6YVVWSTF1eURWUkNvYTJzY3daMy1yRjRrbzd1c0hkTl9aOHBKQm9ERFJHUzRwLUp5ek5zZ09LXzF4MVBOYUh6dGp0MmFTZ0VBTDNqYUhTQkZobnF6UlJqNGppWTBrYmFya0NFWUtZ0gHWAUFVX3lxTE51NnhMMm1uRGE5c0pwX2ZjYW9CMlFDZ0FoZzBJclhTU3dXNlNnWk53QmVyQWgzVU9jVWlfZWZmSURUR2NHS09JRzRhQWN5MkU5Mk13ejAyZ2dvamZCU1JNcS1xbG9xUXdxYXRHVHdsUE1oNklxUS1wOEkwRk9ocmhNZkx5cEY0cndFMUUzVVFkcXc0cmVyWTJtWjNjS3BUckR1VjJ0WVNTQ05tQVFLWHZMVXdnVTBfOERDY1hDSjVKcmFWOTE4OVJiejhRQ3JOczBDMDNkakE?oc=5,2026-05-03
google_hi_lahsun_mandi,2026-03-07,"हरनावदा जागीर लहसुन मंडी में आवक बढ़ी: हाई क्वालिटी लहसून 11,500 रुपए प्रति क्विंटल तक बिका - Dainik Bhaskar","हरनावदा जागीर लहसुन मंडी में आवक बढ़ी: हाई क्वालिटी लहसून 11,500 रुपए प्रति क्विंटल तक बिका    Dainik Bhaskar",https://news.google.com/rss/articles/CBMizgFBVV95cUxQempYdm9oaWx4Z0FQcDNOU21EaG9MUjdLWjVIM1c1YzdSLTZYTFAzeUc2ejhRTV9INTN2R1ZqY2J1YVRkQl9uc1gyQkpHeERMaHpxa2hqVktmVy1oTUdBQ3NNZGJlYXBFajFXV2pZaGw4eUNTWFhNOV9kUURNZ3lkOHVfVHNueFlHSXJTTUR4RWZFcXZ3Tm96c2YzOXZlLW13dkdNemFHSFNyTmVUaU01NGhSamV5bHlDUE1lVTRLaXNUYjVtem1JYVhHT2twd9IB0wFBVV95cUxNUlNpM2p6RVF1T1EzYjRXOUlTMERlLTlvbTc0Y1ZfcW5IU3FqTTlTeVRkbjZYOS1yb2xYeEJYemNSdDJWWXlHN3p2RVd5MWZFblR5cXNKbUUwQWZSWXJRbWR6RFRVNTdqSTk0b1UtSXp0QzNEdzBSM2ZvVGxyc2h5R3JiNVV6OTZtSTg3bWl2UUp1cG91THM4RHhfNmp4UlJmNkVqYnRIOXdXQjZ4S1Q5SjU0cHVqc0hUQVJzaER6RVVDVEYzbUE3TUV0UnUzdkQtS1pF?oc=5,2026-05-03
google_hi_lahsun,2026-03-06,"मंदसौर मंडी भाव 6 मार्च 2026: लहसुन, धनिया, सोयाबीन, गेहूं, चना और अन्य फसलों के ताजा मंडी भाव - Kisaan Helpline","मंदसौर मंडी भाव 6 मार्च 2026: लहसुन, धनिया, सोयाबीन, गेहूं, चना और अन्य फसलों के ताजा मंडी भाव    Kisaan Helpline",https://news.google.com/rss/articles/CBMihwFBVV95cUxPc3RzaEVmSkN5di1Dc183Q2ljZ3BFd0JtLWxiODhGQ2ZvWm0yRG5IVjNBX243bHVRWkpTNVI2dHVoM25TVkl6cy1ObFk4V1lvTXNUWUVheTVRZXN5dlVpR0VnckU2OFpRb2pWYUVJc1JkMDBwbk9TZWlFeVlNVUdIMFpZZEJGcjQ?oc=5,2026-05-03
google_hi_lahsun,2026-03-05,"नीमच मंडी भाव 5 मार्च 2026: धनिया, सोयाबीन, लहसुन और चिया बीज के ताजा भाव - Kisaan Helpline","नीमच मंडी भाव 5 मार्च 2026: धनिया, सोयाबीन, लहसुन और चिया बीज के ताजा भाव    Kisaan Helpline",https://news.google.com/rss/articles/CBMihgFBVV95cUxNSzJaVHprVTJDQm5qWkpXbVFDYXMtVFlQcmRsSzVXVWl0SUR3WU1TcUV3cUtLdHpKS2NSX0FCb2tyUGhmQ1NnRTFXY2lnZDU5SjVPYTNuZ3dUaGQ1Um03bEstOEpnM19lMVpJVFJJU2RMc09Ed1MzV3M0ZnFIQlZET3FNemtwZw?oc=5,2026-05-03
google_hi_lahsun,2026-03-05,"मंदसौर मंडी भाव 5 मार्च 2026: लहसुन, धनिया और चिया बीज के बेहतर दाम | आज का पूरा भाव - Kisaan Helpline","मंदसौर मंडी भाव 5 मार्च 2026: लहसुन, धनिया और चिया बीज के बेहतर दाम | आज का पूरा भाव    Kisaan Helpline",https://news.google.com/rss/articles/CBMihwFBVV95cUxPUTRtSXFVaVZTb1I1YzFWa2tqWUs5TW9DZXUtZFNoUUgtZnpoUTdOck9CeFpoamFHLUU5TWlXdm9fal9tUXE2ekdlWThHQTRUQ1VYNkVIUS1HM3FEek5LdXhIZXFxNjJ4QXQtUkxnUnRoTWN4SVI4cDh2NUhMQ0F5bFVETnJUVXc?oc=5,2026-05-03
google_hi_lahsun,2026-03-03,"इस साल कितना रहेगा लहसुन का रेट, 2026 की शुरुआत में टूटे पुराने रिकॉर्ड, किसानों को बनाएगा एक बार में लखपति - Zee News","इस साल कितना रहेगा लहसुन का रेट, 2026 की शुरुआत में टूटे पुराने रिकॉर्ड, किसानों को बनाएगा एक बार में लखपति    Zee News",https://news.google.com/rss/articles/CBMikwJBVV95cUxQeWUzeEdvOU5GdzQ5OTBkb2hLdWJ0U3J6WHk4NG9JN1A5a2VqS0l2YlQ4ZktQVG1SSGQyaktfaTFfbWJ0ZzVqQTNrSVIyd1BCcGM2V1o3TGlhZ3NQQnVVcHhlbHJ4di1lMzBOZVNXSF9qSl80U195X0k5UlFHR2VReUJyMk5BMnRJR2hlNldxTmtDcTlrSDJhMkZabERqbjdTcHRuZERrMTcwYUZ0NGhselFIQlFUQWpteVJKd3NRcUZnS1h3S2xIUVpYZ2pvX0lXNnpCZ0J1TW92X3lmY0w3Ym9fZEk1Xy03RzJ5RWZuZ3ZQNF9WN1FkaXhheTVFWjZnV2FGSkdUWXdzcTE5LVdXUWpMNA?oc=5,2026-05-03
google_hi_lahsun,2026-03-02,"हरनावदा मंडी में ऊटी लहसुन 10,500 रुपये तक बिका: मंडी में 14,714 कट्टी लहसुन की आवक दर्ज हुई - Dainik Bhaskar","हरनावदा मंडी में ऊटी लहसुन 10,500 रुपये तक बिका: मंडी में 14,714 कट्टी लहसुन की आवक दर्ज हुई    Dainik Bhaskar",https://news.google.com/rss/articles/CBMivgFBVV95cUxQTDBFSk14N3VlTnlZVTRHUnJaMnpHUzVISWFOWG8zUDZkZGExbDVxc3FGODcxcE9jQzd4eENKcXFqUGZ1UmZzdkxpZXhvd09rMUsxa21OOFE5VWxJTW1mQmtWYmJFcjhzcVFJVUkxcnYxZVZQVDVnVmFzemJNd1VpN1U2YnRHUkNoSWZVNmhmZ19DSHAzeXpKcFpxNWU0b2FMbW80VXUyS2pkSEUwVE5OVXZQcGVwcmhtd29lak130gHDAUFVX3lxTE5CVUZyTDhlaEVSTHk0UWROR3ZTZUFwS1F0UUhDX213b2FNMGxWWUZLRFVrOVZRY291WDlBNDQyb0VBUVFrSHA4NE1DMlJtODQ2OFRUb2NTMUtZMW5oZkZ1MTNULS1ZMzg5b21MUUFoaUxOZjBSOHhLRWVSRTkzRHhuUDBXZ21mZFliV2NFc3ZwN0dQOWhrdTFCLU9UQXVxanZ4cUxYZWhMUHgxT2FHTzFPWmpZVGdhdjdWM1BtX3RUaVZuNA?oc=5,2026-05-03
google_hi_lahsun_mandi,2026-02-28,हरनावदा जागीर मंडी में ऊटी लहसुन के दाम बढ़े: हाई क्वालिटी का लहसुन 12 हजार रुपये प्रति क्विंटल बिका - Dainik Bhaskar,हरनावदा जागीर मंडी में ऊटी लहसुन के दाम बढ़े: हाई क्वालिटी का लहसुन 12 हजार रुपये प्रति क्विंटल बिका    Dainik Bhaskar,https://news.google.com/rss/articles/CBMiyAFBVV95cUxOeHRwZ2QyajZDTldOZ2o3X0JrYzBvMXlwd3lzaDVsa1AxSmhWZ2M1TVZjaW40eGNZQ201WjFiZkxHOTQ2RzFNV2lnLTJoQm5MdVVpYUJnNUp5REtnZmp4ZVV4NmhpcU1YeVVTZGllbkFBWTdKYUpmZG1sYy04MThIaWJXS3ZNX3p6UGlDYzBVQ3d6QjZkbHl6S0RuVWwzaTd2cjFGNkV4TTItX0x5RmE3YXJua3M5cnd4aFAybnQyTTN5YTJvMXFSR9IBzgFBVV95cUxNdjBHeDR6U2xldXdoN1NCWUhwNDF3Tkl3b1V6TUd1SWlBbUgzZ0gzM2JTOXVUck4wN190YjdJYUM3SERUVjUwZjFJUVZyTjRscWxMd3lYOEhORERfUk4xNld5SE02bXdJR1hFZ2lLel9TYjNyT3p2WnBHVnJvekwyNUZ1djdpWHZ1UmVjTV9aSFNGSnU3bEo2TExrdXk5Tm1Jd3VJYWJ2MUtCNFNJRnQydUZEYURWZnJmWDBlZ1JQMFhRVkxiR0ZtTjRsWUYxQQ?oc=5,2026-05-03
google_hi_lahsun,2026-02-26,"Kota Mandi Bhav : गेहूं, सरसों, धनिया, लहसुन मंदा - Patrika News","Kota Mandi Bhav : गेहूं, सरसों, धनिया, लहसुन मंदा    Patrika News",https://news.google.com/rss/articles/CBMiogFBVV95cUxNSXU3eXE3WjhVWXZ5TGlZdVg0X05HMTBqVUllOE1YTUZMZ2NRN2d3dkl5MEd2U2RVaTRDZGF0Z0Vyek1GSjhsZ1dTd204RmduRVVWdjdiS3lvd1RVUG9OWHZ1SDJmd0VqVkd5X0ZnT2ZLYVNPa1Q4ZGhkbk81QkpGTXFLa0xFUmp6aTNKXzdHZENjS1lkTmVDRDE1dHEzWmpWcnfSAacBQVVfeXFMTnRCeXF0QXFlZldpVnlRb09xdjhZRFNjSHRxTWwxWG5hUEVjLTA1bHZpZzU4WS1vYUNUb0xfbTQyaFZtLUx1MUYycVo4RXM0NlNkNWpIZ2JmRXdCTHFJeHdyVllGNnF2WU1FNHF3MlZIY2hpR2NqVWRRWGRzeDNyUmhMVUxUbC1JNlRIZjlpR2RhVGpZM2pheVY1YXlTM3ROWi1oVFBmTE0?oc=5,2026-05-03
google_hi_lahsun,2026-02-26,"छीपाबड़ौद में करीब 7055 क्विंटल लहसुन की आवक दर्ज: 10,400 रुपए प्रति क्विंटल बिका, खरीद-बिक्री हुई सामान्य - Dainik Bhaskar","छीपाबड़ौद में करीब 7055 क्विंटल लहसुन की आवक दर्ज: 10,400 रुपए प्रति क्विंटल बिका, खरीद-बिक्री हुई सामान्य    Dainik Bhaskar",https://news.google.com/rss/articles/CBMivwFBVV95cUxOWUQyMzk2N2NZNUxSX2tIUjdtZl9tUDM0QjBVbDdId3pQZHJKaVpOSV9aUzhPQmhVSzIyWWdCbVlXX1FLNTM2UDM3ZmdOVkplMDRaN0dkOHdrYnlLRlRta0hjZUhPQUpTNFc2VzdVQlUzeGltek44amNFYzE4cmVldjVXZ0UyanhUc2hPUmJZUk1Yem9odFNqc19nWkpIc2k3N0R2ZmRQeHZ3NzRBSGNTb2RqX1VmVV9GWnduandURdIBxAFBVV95cUxPR25obUx6dnU4N2IwZFhVaFAxc003U1JvRnhlS056MFMyYWlBZU9iWUdoWkZwalkzc2tVUUF5UTg4RDBCVWRBUTdKX3RIUXZVbUVHZndWUm5xVEZyREZTb1QwQy1vQ0RfaE9tV2I2VFZYOGRqRUhHREpubFlUaThVUGl2cHBOVnN3UTNCYlRyQ2R0OEtDdHJLRTZsZml3VlNXMS1ocm5TUEJHaXExclVsMmZIVkFLWVRqWnAtMF93aUM2MHkx?oc=5,2026-05-03
google_hi_lahsun,2026-02-24,"हरनावदा मंडी में 6181 क्विंटल ऊटी लहसुन की आवक: गुणवत्ता के आधार पर तय हो रहे भाव, कारोबार सामान्य - Dainik Bhaskar","हरनावदा मंडी में 6181 क्विंटल ऊटी लहसुन की आवक: गुणवत्ता के आधार पर तय हो रहे भाव, कारोबार सामान्य    Dainik Bhaskar",https://news.google.com/rss/articles/CBMiuwFBVV95cUxQRjBSRVQyVHVVZXBwQk8yTF83QVVwb1cyb2t6NEtvNTRnbVNwZEZrTlBwcXVoTkJmVHdEV0FNamwySzFSc2RlXzEwNGh4YUQyUVJxUzZSaG5ncXRQSC1wRHo4WU1qWWUzbjZjY2piSjFiUHlqWmxXRlpNeEN6S2NZSWNhT096VF9qTnd6QUdBTnBBRXNkNVhYUzl0emhUWW03eVlYNGVDb2ktN09yN1JWUWFCa2NvYkNqd1Vj0gHAAUFVX3lxTE8wV3UzMmpiYUtWR011bzNtT2dUS0JPOERCaWNqQUxjZ0FnZEsydm5ZeVlmN0tyRkJaVzFWWkYzb21Ga1RmMzBybXp2VGMtUmJlLTJCN2hWcmh1VTg5Z3B5RTg0cDFpeWZNVFZmdEVHMmpmTVh2aFRzNV8tb2FLeXljaXhvSEtvTklVRVk1cWswSDJrZUlhZ2RGVXEzSnBYRURLWUxlNGw2T1NsYldEZ1p1ckJ5OVppYnZBd2JVWFMxcw?oc=5,2026-05-03
google_hi_lahsun,2026-02-24,"एक हफ्ते में दोगुना हुआ रेट, अब 150 रुपये किलो तक पहुंचा लहसुन, नए माल के इंतजार में बाजार - News18 Hindi","एक हफ्ते में दोगुना हुआ रेट, अब 150 रुपये किलो तक पहुंचा लहसुन, नए माल के इंतजार में बाजार    News18 Hindi",https://news.google.com/rss/articles/CBMi1AFBVV95cUxPVFc3cV9oaXp1dUtieUlpN196NzNVakp3bHFuOHd4cHZDSE5HdkJiZlNkUTRxbFNtMy1jVzhVN2x0eHBmX3cyTWNvamJvQ1k3SDdEWHM3UkNDLVFnZ2d4NDI4TmRpRWMtc21PZXhVNVhUZEw0N09iWHNjNmVDaWJDeDl1aC1xNzloQzZTQml4cURwdXZRR2RRMXItS0YtRTVTbEpOWGYwWWdNVHpvR1ZWYTR0dEFVMHd2YmpQa3h1bTFtWWoxS3lpTlJyYS05RWFnZ1hldtIB2gFBVV95cUxPUzRCLTM3R09WNXl6Tk1oMGxLbFF4NEV3NWtEd1c1TGN1YmtWTEtIWW50d2ZOcGd4YkJrSlN2clNCM2RjY05XOXJkell5OWVYTjdhSVlsRUMxMTEzeWVtZnk5TmJGanlBYjE5TWlFMU9NbTl2SWp2NXI4dlVBdXBjSXM3alV2LUxHU095ajZrQml4bVJVb05XWFNWWTdsMk9QektpT2NSQnpmUzczTTAtalMwMHpqUVFSb2oxRmxGUFBGc1RTZkY5ZmdKTGlHWE5ub3ZONWVGMTVJZw?oc=5,2026-05-03
google_hi_lahsun,2026-02-23,पोलाय कला मंडी में नासिक प्याज ₹1409 तक बिका: लहसुन ₹3000 से ₹7500 प्रति क्विंटल; मार्च में बढ़ेगी प्याज-लह... - Dainik Bhaskar,पोलाय कला मंडी में नासिक प्याज ₹1409 तक बिका: लहसुन ₹3000 से ₹7500 प्रति क्विंटल; मार्च में बढ़ेगी प्याज-लह...    Dainik Bhaskar,https://news.google.com/rss/articles/CBMiugFBVV95cUxPNm1hVVdCcndOZ0VTZGRydEpKZXJrSWhQQ3VFb2ZTQTJYaEkydHR5S1BqVVJXVHRaMHc2eU1GVk9BdTduWTZYQ1dObHVrVDBkVnY0Nm8xZmdEMzR1VGk5N0tNYnNDTUtxTmNRX2lGS1pJS29zcmQ0eVh1bzV0anZ3QzMwZldlQnFORXo0OFczMjk4cEplVW9LZkd2WlZmUmhUQlhCd24wN0RFdkNRcFdoMm54RGRLOThybFHSAb8BQVVfeXFMTmxJbl9RdHo3VkJJZTNYM0RmbHRtRnA2WmNTUUJoc29kWjlub2ZmWVA3bWdZSUhTMGI1OUVrdzZXeW5BZGd6THZ6c3JTWkRjOG1qTVVNYThKdTBoajd0aENKb3EzQ2g4TDhBS05zYngtcl9lcWR4T1pXVHZBVDRyc2tvenZqam41dHpIb0pZejdISkVnZEl6Y0ZnQmQ0R2h5c2ZXMmlRclR2UG4zRG1GaWx3RTNIcDJJOUxuZTZ6SVk?oc=5,2026-05-03
google_hi_lahsun,2026-02-22,हरनावदा मंडी में ऊटी लहसुन के भाव मजबूत: 2921 क्विंटल आवक के साथ 8505 रुपये तक बिका - Dainik Bhaskar,हरनावदा मंडी में ऊटी लहसुन के भाव मजबूत: 2921 क्विंटल आवक के साथ 8505 रुपये तक बिका    Dainik Bhaskar,https://news.google.com/rss/articles/CBMixgFBVV95cUxORkJaYm1kUGxjc2pGOG56WlVZYU9pUjV5YlAzTTliVENMMk1nVldEcmswdFhra2Z3Qnpnekk5Z1Z5RjJ0M0pWdDRFYUVsSVhvOEtaaDRBeVZBOFBTdFNzVGo2UHRZRC1TVGVtYllFcjhyOW1xaEppWmptajhTazhmSlpkLTZZck9Md1UzRWRWY1pYcEVqTk1wQ21uVmZqZG1hNHRKd0wyQWs4dkpOekRYVDlaWHhJc1Z0VzhfTnZGZE1IV2NrMEHSAcsBQVVfeXFMTUVVTzlydmdpNUlZQTh5UXluenlZd0tnY0l3Q3ZpQUNaVTRPeDNjLWdUNTMwTkRaOUE2bktYLUd2M0tMRUVOY2tTV0xYckRjeXRVNjB5WG9wZ0FyLWtuR2YtSVNYTzBBdnNlYWZNZ1dzNnJFLTl4RjRCdzItMThacUVadzZ4VnVweFlCUFNHUm9EUlJLR255QWdqY2xqWHB4REx2dFNpV3h4cVl6bXVHN1NjMGpxR2dja2VwUF9LZUxkRjI3TFYxZWdYck0?oc=5,2026-05-03
google_hi_lahsun,2026-02-21,"लहसुन के दाम धड़ाम, 62 हजार रुपये प्रति क्विंटल बिकने वाली उपज 8-9 हजार पर अटकी - Patrika News","लहसुन के दाम धड़ाम, 62 हजार रुपये प्रति क्विंटल बिकने वाली उपज 8-9 हजार पर अटकी    Patrika News",https://news.google.com/rss/articles/CBMiogFBVV95cUxNSHNmYXhJd3lJMkFWZ3I5YU9MOUo2bk55Njk0c2Jnam5aMWpRdUdxVEFSamR2OTdzUE5Zd0xmNDlTZHVJa2JZaWkzNUVWWGF0TEVxRWNqTUwzSlFiOHFpODcweWx4ZVpzdnNjb25qOW9IbFpCLWJ0Um5XUHFlblR0UXdYb0VIZURoZjFZTjZDN3ZvU3VYT0UyS05iWE9udU1vRmfSAacBQVVfeXFMT21YVEtQeFNpcHZKM1ZmSXpLMWRWVVRsQnoycmkzTVdvbnhqR0ZpVXRPd04tSUdaNHdEeWtvZmRBazJFUjgzTlo0NmUtWmZfa0NrUGJjeUduZ3NpRXFDdmdaMTc4YXBYWHBHLWJ3Q2g4VzNRQndPUGtMc2djblBUS3pFS2Nhczk3b3phQjhBQm5fZDBrdkg5S3pFTEdndWpPNjRQS2Y1Z1k?oc=5,2026-05-03
google_hi_lahsun,2026-02-21,"अच्छी क्वालिटी का लहसुन 8,500 से 9,000 रुपए प्रति क्विंटल: जावद में किसान बोले- लागत भी नहीं निकल रही, व्या... - Dainik Bhaskar","अच्छी क्वालिटी का लहसुन 8,500 से 9,000 रुपए प्रति क्विंटल: जावद में किसान बोले- लागत भी नहीं निकल रही, व्या...    Dainik Bhaskar",https://news.google.com/rss/articles/CBMiqgFBVV95cUxQQ20zUlY4ZGsyNTE1cXRtTEEzN3RnSE1BUWhQQU9CT25scWo5OWFpOWszTHBGQllFV1pGVXpvS2FjdTQ0OFEtc1JBVXJtSXoxSVpaUktkb2tQOHBHckU1aEM0MDNqVjJzQVktWGtBMi13S0VPcWNsdE1mM1djM1BmczFkTXFvbWsyR0FENUJXbGh5UThGZndnZk4tenRTWG9xSVpKcElMcDBxUdIBrwFBVV95cUxNX0JYN1ZScDdOMWdvRGdPc3JzRTFIelRQVFJwVjZyc3lJNGxXUm5WNTV3azI5SkJRVFN2c0ZldlFBN1pYZUNXbFUyYV90OVN5ekVlZXNKbVZyaFRJTGRONzAzZVFrNllJRHpqWUdESXB1cFdJdUZPd2Q3SnE3ZGRTbmRaRXUyQzlfWUNMTHY1RFpnV2xUa2dDbHIzSHk5U0w0WW1LT2o5cmt2WE9EeU93?oc=5,2026-05-03
google_en_garlic,2026-02-15,Kashmiri garlic: Crop that took Mohali’s marginal farmer from 1.5 acres to 4 acres - The Indian Express,Kashmiri garlic: Crop that took Mohali’s marginal farmer from 1.5 acres to 4 acres    The Indian Express,https://news.google.com/rss/articles/CBMizAFBVV95cUxQYUtSdFQtNGlxN19VMU9qSkpVbkYtVDBFcDl1WEowZmxlZXNUWTBBWmpZX2ZaMWJMcF9CamFmQ2pLandmYzBoZ0tXcVU2VkZpZFg1M0hNQnBwN05va2otMFdzN2pueDdZT2dOVlQ0RGpJcWZVdzluVWdBcjJiLS1LXzFHY1RHV1B2VmV0Yy1YeDZnZHQ0WGc5QVBKTzZDOXVFVmprM3FULXVxYklRZklJWlVSLV8zeGR2aE91VUN2cGRTSWdXcmppRVM3SVTSAdMBQVVfeXFMTVFIdFZnd2REUnBIV1ZxRjZkVE5pakZIdEtNc2dRMHRud2twMGJzOTFLRHpfTkNhT1N2cFpuNFF6VEV2aGY3Wm5jbzRnV0dWcVFFXzVLYXI2N2dCWG51dXVVc044NWlIT0lSV29JVkJaQmRYaE9sRE1TOFIwNzNNUzFCTEZnMmN1a256ZHZvZzQ1ZlBfSUY0M1Q1MDJYV1A4TnhtSWRaSjhYR2ROSVlhTG43MXZNdnFDeWFvckVHekNjVmhxLXJEZm1kdHh6SWNVYVFPOA?oc=5,2026-05-03
google_hi_lahsun_mandi,2026-02-15,हरनावदा मंडी में नए ऊटी लहसुन की आवक तेज: गुणवत्ता के आधार पर 12 हजार रुपये प्रति क्विंटल तक बिका - Dainik Bhaskar,हरनावदा मंडी में नए ऊटी लहसुन की आवक तेज: गुणवत्ता के आधार पर 12 हजार रुपये प्रति क्विंटल तक बिका    Dainik Bhaskar,https://news.google.com/rss/articles/CBMiygFBVV95cUxOM2tKVUl3Qzl1dFE1Q3hScnFJUy1uQVhPa2dDdU5JNE5zQ3lRMlh0YXd2YVBGcEU3aEhqOXh3Q0k0a0xkM05BajlYVkZuYnVuSWVKc1N2SE1UUVNBamQ0NEd4WGFNNGowNVR5bk51MHo5SHNqenBtOFphWFhVdUtGX1VCYzBuckZ6TmlTVHpMcW1Ib3hlLTNfNExSaEJmZjZFMXpmQkFUbG01QmxpbU1KdVN2RFpjVEs4bEZmTUVUWmxXd2UwVzBUM1VR0gHPAUFVX3lxTFBiQTk3blVoWjlnQzRVc2g4X0hTVzZkMkZNVS13eG51aDNsSTRwOVJtUjZWMDZPV3V3OV80bkNRVlA5bVpFMFdWUUVmYTJpcDBFWFJxUUtpQnJzUlhsSDhYZWFPYmJoZGp6Q09RTWRxTVlidG1oeHVLVlNUSjdhcTVDNlB0M0ttTUthYk1leE1QMkpiQ0M4THJGRWVUMUt6RVBNUlJsSU1scXgxWUFKRC16QTdDb2hhM1VOMmF5STdTazlMczlGMlAzSllCYkpjUQ?oc=5,2026-05-03
google_hi_lahsun_mandi,2026-02-11,"हरनावदा जागीर मंडी में नए ऊटी लहसुन की आवक शुरू: 160 क्विंटल से अधिक आवक, गुणवत्ता से तय हुए भाव - Dainik Bhaskar","हरनावदा जागीर मंडी में नए ऊटी लहसुन की आवक शुरू: 160 क्विंटल से अधिक आवक, गुणवत्ता से तय हुए भाव    Dainik Bhaskar",https://news.google.com/rss/articles/CBMiyAFBVV95cUxNSDZ0bjBnYUdtcVAzdno2U3NZa2lDSkdiVHNraFJIdEM2VjBYandteDgxU1doTkRaTUFjbTZNUm5USm5idEdfT3g1TXNTeTZQNzZ5TGZiUllTclhBVnZkY0ZtVHU4MDU4WE5hYkVNSzd2MnhIVlFETXRyNC1fenZUbWZXamU0eWVQamU2QzMzUEJUQnVTZlQ3X0tDN1VTM3NMb214QWxGaHpvTFluYnlhc0x3bjI0WDBOaWlZY0loS09udWx0MzkwedIBzgFBVV95cUxNT1JjeUlNaEh3eGNIcXFnQ1FTWHFYNTd2TklyN2lPNHNWWkp2Ulk4SDlfbERBVUNaclduZEVGbDRDaDlqV3FEdUw1NmVBUWRha3JFcjVrS2dsdXFGTmhUWjdvN1RFR2ZiSkF5RjVVZnpOcTFyTFFjM3RjT0xKak85RWlHQ1ZESlJrYzByRkpLcF9xZmpDLUZQU0JRVlZtbzlIRk1IbkdLWWdQTTlQTzdtYjlPc25BVWVveFJpMVJraDZIM0dhb2FFbi14c0g1QQ?oc=5,2026-05-03
google_en_garlic_exp,2026-02-09,Egyptian garlic exports to Brazil up 2.4-fold in 2025 - FreshPlaza,Egyptian garlic exports to Brazil up 2.4-fold in 2025    FreshPlaza,https://news.google.com/rss/articles/CBMisAFBVV95cUxNSFpEenBpRzB2bldZQWkwTHFSUVl6ZVRwVUsxQ2FfYlVZMHRwQ1FiTTBKd3NJNHo2T1gwcVFOUnRIa2RlYjc3SGFmOFRwWl9rSVR4ajdmZzQyVWJ4Q19CM1dLdTJEVlNJOG9zQVM2T0YyVDJteXI3dkZmYVdiTXlkNkNiVVJWdmhKTFdqSWY0U2ZPT1dtd1M2R2c2WUdQckw5U0ZCWVJVeHFjQkRSMDdyMg?oc=5,2026-05-03
google_hi_lahsun,2026-02-04,"Mandi News: नए लहसुन की दस्तक, 500 रुपए तेज रहे दाम, 100000 कट्टे रही कृषि जिंसों की आवक, जानें लेटेस्ट मंडी भाव - Patrika News","Mandi News: नए लहसुन की दस्तक, 500 रुपए तेज रहे दाम, 100000 कट्टे रही कृषि जिंसों की आवक, जानें लेटेस्ट मंडी भाव    Patrika News",https://news.google.com/rss/articles/CBMirgFBVV95cUxNa0NqQVY5OERYdWxtLXRFdFNKRXdEckwzeERYMEFBSkpVOU5iazVRRDN1empkdS1tSUdVQnRoWThzd3ZhLWFVMzVjMFlwTFRTSEJ5cnlwR0ZJXzFoU09DRE1hMUZiY29rRG5OUFU2VXJRc25hYTVHTHk3QmpUaFIzMzRkdy1UN2ttZXhKcGxiSGtiUGtnc3pGMVVmQ0ZpemRjVldwaWVsWHhqdURXX3fSAbMBQVVfeXFMUEdmTjlMczVBYXdxM01vWUdzZHdnX0hEZ0FIdDZPY2l0eV9BOXZaalZKeE1IYkZhcGVzd21NM1dKWjBncU1pOXNKQVN2YTBFZFBjZEI5cDQxMjN3azZab1V1RXBwMkcxZFJ2bmdWQ2R3Z2tsWTB5ZE9VNklhenktTHhNN1RZREliWk5GWjY2OEVrQmRTQnFpYWliSTFGY1ZEbUd4QUdMWXNnWHJ3bloydW1EREk?oc=5,2026-05-03
google_hi_lahsun,2026-02-04,"Kota Mandi Bhav : सोयाबीन, धान तेज, गेहूं, उड़द, धनिया व लहसुन मंदे - Patrika News","Kota Mandi Bhav : सोयाबीन, धान तेज, गेहूं, उड़द, धनिया व लहसुन मंदे    Patrika News",https://news.google.com/rss/articles/CBMixAFBVV95cUxPRmQ2cS0xa3poQTRsWkt6R0ZFeEFidkFfWnpMUS1qanlFM05oX1I5dVZocXRoazV6SFhWejg3QVloM3dqSUxNajhZLVdjRHVJLWZ2cjVMOW1PY2JTeldRbl8xSkQ0WHZrME50bW5DTXVOUzBlR3NiZ0RPajVlQVdXQVBwazBTUDJFRUZqYjhvT1FlRkZlVDRydjA2YzdQVmhWQmRTNDNPeGoxbW52em9TNjdiLVVOMEp4MFVpdy16cVNaOTMz0gHKAUFVX3lxTFBRTllKNTljcERUaVpFdmxFRUFXWmFjY0JaSnBrUGRHaUQtYWNwT0hZSmFkb0hzNEVMRnFQem9vdlhlQzRTS1RwNFljYjM1VlRFX2paSzQtTVQyWnYwbUhpNS1NRnQzcWRzZmIzbjUzYXQzc28zVUNIX3ZkTXNNRmFPRUxYVWdEQlJIWHJ3bjNrNHgxUzZzS2lMbFdhRm96UDJRWVdlSWFsT21LbGtxUkcyRWFUa1NYZ0Q1T3hpWlhFZFRWU29uR1lrYVE?oc=5,2026-05-03
google_en_garlic_exp,2026-02-03,"India's Garlic Market Report 2026 - Prices, Size, Forecast, and Companies - IndexBox","India's Garlic Market Report 2026 - Prices, Size, Forecast, and Companies    IndexBox",https://news.google.com/rss/articles/CBMimAFBVV95cUxNUkVvc21zU3ZVY1p0OHluYXl2ZktmMXZZNmtVNl9OTmtSc1loVHNZemV1Z1BoNFA4ZHVxT0syNWxtWDAtMzVlVk1IaUt1anZVMkdLa0RjZG1Jb0lFZUFlcU5OLUh1bENDNTM1M0ptZmo1OHlTNXVDd2s3Y0NfX3F2dDNZSm94aUlJWlZtOGx2UVVRQl9PM05UbQ?oc=5,2026-05-03
google_en_garlic_exp,2026-02-01,EU frozen fry exports fall despite lower prices - EastFruit,EU frozen fry exports fall despite lower prices    EastFruit,https://news.google.com/rss/articles/CBMihgFBVV95cUxNeE9QN3RwZVEtUEVJa09VeENocnJYQ2RFaXZNcFVvb09mcVZGbTJ2UjNxVkhzRVZ5WHgwUmZEck1pVmhCZ1VLOWtOYXVra2FybmhudVo1Z1ZUV05XOFc1SDlDVVJXUVI3Wl9CUmVBX01hN0s2V1VWSy1Ib0V3U19fbElTZWh2QQ?oc=5,2026-05-03
google_hi_lahsun,2026-01-19,"Kota Mandi Bhav : सोयाबीन, गेहूं व लहसुन में तेजी - Patrika News","Kota Mandi Bhav : सोयाबीन, गेहूं व लहसुन में तेजी    Patrika News",https://news.google.com/rss/articles/CBMiqAFBVV95cUxPdEY1MlN6bzVoaE5QUC0tWkxHTWNmc3dLT29tc3lxTjgtckV4Q1lIRGtodFo3dVpEN0VlMHNfSVppSUl3UDFBY0xjR0pWQUtIakdNbzZ4U1lNY05JQ3lXS0pZYjhPbUtfMGczZXRacDVzaDUwTWc1S2xSTzhYWGMwendmLTVPOE84akIwa2sxbDRka1F2d0pYSFF0Z1MtdGVCM1NnV1Ryd3bSAa4BQVVfeXFMTlprR2lHdENXVGRtamJQdldQREZ5NC03cUNNTU90ZFNJTUtyUk01ZXY2c0FsWTZhQ3VRdENDWjRqanhMSk56YzNLdEZmNlRkWHVMR3dacmNTakdZdnF0VmQzOW96Rm9BTDNwZ25UajR5MG1WZFhXNDZkQjRnWU5KTnpJRk5hX1I4SUp2M1dtZ3NtdDdsWUtkU3Jfb0dKd1lMWWFFMmV5cWtPY3Z5LWh3?oc=5,2026-05-03
google_en_garlic_exp,2026-01-15,India-US trade: India’s exports to America dip 1.83% in December; imports rise - The Times of India,India-US trade: India’s exports to America dip 1.83% in December; imports rise    The Times of India,https://news.google.com/rss/articles/CBMi8gFBVV95cUxQaUZIVExuelZkbHVHZG9CR2JQbkwzajdwaUR2bUhfSmU1LURMbzBFMUNKeTdqN3Y1RDZSQjZVOFFQcENMcHVrWldUQWpwR0J0TnE1OXZTS0Y3X25wRFE4TGxMU1NycFlpeFBQZXhHdWV2bExuTUh0bmtQREYyUWhUd3J5MlFkSUZDbzFPa3RwWWZFYnVIaVZFTzNjeVUzdWQ0MGpmYmRaaE9wTG1INk1peXR2bXdzTjdwV0VmSDBJTnd3cmdKcGtoWndtVjhZM0R4cXM4TjhjN0RDOC1KUHNHWWZwdmQzX2laODZLaVltRnFQQdIB9wFBVV95cUxQR2YtOThxM0Z6bnZxSG1JTXcyWGFQSnVUcU45bFJ0NTRGemhCU0NsUVdNcGN0SFFMdmJpYVgyZ1lBYTlIeXBKUDRWNk9CaXRPN1AzSkxwV29DSjdVN0VuQ3ZjRVd1aWROMldsWWFBdm1PWVJ0bzFSLWszNGt5cmZUbjhJWkVRd3B3UFlQR05rdDJSQ2ljdTk5dFRyekZ0bXpEdFZpZExIX2ZRM0J6TFRHRHNpdFoxWjlhMkFySFB1d1FfYlNUQ0xkMU95REROcFJwNzd6ZTh5V1Vzd2dINGJkbkt5THpESDllYm4zTFlUVVl6WnVFTzlV?oc=5,2026-05-03
google_en_garlic_exp,2026-01-14,"Trump who? At $1.2 trillion, China’s trade surplus hits new high in 2025 despite US tariffs - The Times of India","Trump who? At $1.2 trillion, China’s trade surplus hits new high in 2025 despite US tariffs    The Times of India",https://news.google.com/rss/articles/CBMimAJBVV95cUxOdmpPbmNUZ0ZXUC16aC1lQXNPaGZaLV9kMVlMMEZxenQ0N3ZWMzRQZUtvam5oMVlHSjI1ZDBMQkl5enRScXNmU2M4VWx2ZTE5X3BxcFVUX3JBeGhWSFhSeUpFQ3ViR0I1UE1tZ1dHaHQ4RDBnc1AzT05YYzFESGZIa3U2eFBKeVVmSVFDNEtDeTBNS0JrU1ozNjAzbXVGbXQ0S2ZvakE5Z0lBRGlIdzZhZUZWRnIxMTQtWEZtYmgwX1o4cHJMRDBjMXV3TmZfVTVNbG5aUkVuejBZX0N6YUZqTnpUZjJwemVlbFlZOF85ajVZSzMtNXFrNEhwWTBQOHBpWXdNQ2NIbWE3S05lYXNOQU1WOElpa2R10gGeAkFVX3lxTE5QLVl4Rlo3TnZjNU5uMGZhVVZQaE5VWUZ6Z1dsekRCYjFtZGcweVVrZGE2TElacTBuY2dxN0VVRmhMSkRkOVR3dU5mUDBic2NiRHZib3doRDEtM09CanhrMUFudkNBWHU3Z0ZKWmh6V3BOSThPcXU2ODVCUXVxMXFhZG0wU2t0TUJFRHhTYnZRRXdMZFRQZDQ1N3p4SW9lY0tqSXNESkZ6QXdXVkc2TkhCUzlQMzNTUG1TeHlZVHVwZGZRSlg2UHRoX2NDakF3bW1LMkh4bTRyNWExNVUweGZ5eEU1WHk4anZiRkczX2s5QThsZHhpdE1fNlE0bjhYSWFDNkp2ejBsSHlNQU0yQ3gtN1dMTVRaU2RybkNFblE?oc=5,2026-05-03
google_hi_lahsun,2026-01-13,"Garlic Price: लहसुन के भाव में हल्‍का सुधार, लेकिन पिछले साल के मुकाबले दाम बेहद कम, आगे जारी रहेगा ट्रेंड? - Kisan Tak","Garlic Price: लहसुन के भाव में हल्‍का सुधार, लेकिन पिछले साल के मुकाबले दाम बेहद कम, आगे जारी रहेगा ट्रेंड?    Kisan Tak",https://news.google.com/rss/articles/CBMi9wFBVV95cUxNUVN2V3czYldRckZlcTh5Rkc4V3dtOHZIR1JIX2tDdEZKX3o3TXlWbFZ6cFRzQjd3TjVxYzBRVFJjelpRaHBINXpCT2NUNzB4NWxreHk0XzFrYkVZMTRpODBWZlFTYUd5RllCeVc1SGJIejByVTlWMkJuelJFSXNQMTlaN0RjczMwNmZIcFduX09IRzdBbVhndHEzeEl1WUFTeVAzcEhGWTBReXZ3LUxCOS1SMlU5RU51aEVMbGNMX1A1cTNZa2hhRUthU1ZGZWVxYmw4RS10ckFCSkZnYVl3QmhJaFpkVlIyUURqd2xlRXJ6MjM4UGZR0gH8AUFVX3lxTE9Ud0oyUnV1OTlTenMzeFFPWER2bTE0UkIyNFkxcHRJb19sQlZBcGE1VlJNcWdpcWp5ejlOdXNUSWhoVVBra0xEcFlybGM2WS1zbE53dFlsaWR4dkFHNXAyYlF2ek5uLWh6MGhpa3loYkRONnZ4YXhDR09kX01fUENxaTRfcDNBX1N3MDJOMF9JQUFQQm9NeUhmeWFiT1c1aUdlcFc3RFhFUnRLc3E2bWs1NVJteVlQSzNwZUdKYllJYWxPR1pXVy1EeXNfbWVsX2dDcDlXS3VRaTVYbGZ4WEFPMG9zZl94TjhrZGpiQWVRc1NzQjgyVjJMRFlLbw?oc=5,2026-05-03
google_en_china_garlic,2026-01-13,North America increasingly diversifies sourcing of garlic - FreshPlaza,North America increasingly diversifies sourcing of garlic    FreshPlaza,https://news.google.com/rss/articles/CBMitgFBVV95cUxNOXhpU2ZLdW1hTVl3SUdrWGUwT1B5cWlPbTZCNDl0S1dOeU1VdUpQVmxmRExhZWE2a2lwdTFvSjFPUVVYR1I4VlJ3OVRnZXpVNDAzMDVXWU1WcTlBMHBheHRfdGQ0UG1rajM3eFZoMF9NZlhGOF9CNUJUWXllNTM5VzZfTGNpblRiUzI2NVU2TGNXbnRWMVVOdEoxN21yT251dW5pUlRRb2l4d1NLbDlTNnlNRUZTZw?oc=5,2026-05-03
google_hi_lahsun,2026-01-12,"रकबा बढ़ा, पर भाव नहीं: किसानों को लहसुन प्रोसेसिंग यूनिट का इंतजार - Patrika News","रकबा बढ़ा, पर भाव नहीं: किसानों को लहसुन प्रोसेसिंग यूनिट का इंतजार    Patrika News",https://news.google.com/rss/articles/CBMivgFBVV95cUxQV2RaLVVSSFNjS3RLQUFCNDBzMklvdjdDc290TnVCMExQVGZQaVVudnNtQlFYbWVEeVNWM2dMTEZSUHhRaHlBOEFMX2xwSnAtU2dzaXBvT19xSWx3blFnUUs2SElXWHM3RG15LXoyUy1iWTM5ZkNCS2lSVFd5UGd1YXJhYkExYXk4MXJLNlgyOHhjYzFhMTliYWotREJELUM2cFpyMmowdmVNX3lvRm0tRFBJVVpHOGgtQlQ2SXZn0gHDAUFVX3lxTE9nTWtlWVZCcUIydHdPTHFqUTdZeFlUZExtTlVtNW9hMTA4ckZ2UVVVcmM1NDNJNzZSM0oyZklZRmlrNHpYR214LTRkakxWMjhfVS1vQjhuYWVRa2EwSXl3UzM4QUVHS3JVS1JDRHBXM2ZJak1wQ1lkeEdfZVJ1MGkwcTJRWU9DQWpFTlZIdHl5Rmw0ejVMVzlzM3JGZjRxcVR3X1hlV2dVLXkxUEJZTXRYdHI3X2NWcDZ4cXFHVXEtUmEzUQ?oc=5,2026-05-03
google_en_china_garlic,2026-01-07,China's Garlic Market Forecast to Reach 21M Tons and $28.1B by 2035 - IndexBox,China's Garlic Market Forecast to Reach 21M Tons and $28.1B by 2035    IndexBox,https://news.google.com/rss/articles/CBMic0FVX3lxTE9iVTVxSllIQWRVQ2hOLUhyMVlkdzhiZVhsVE9EVUxzaHZpRHZYR0Z4SXFRdUU3WDBtejJQR0ZsUUdNdVAwWHpjOVktOFlxaC1YZkFtRkpSOWcyYXVmUElNV0xmcGxGaWcwOF9oV0hxaTJHSzg?oc=5,2026-05-03
google_hi_lahsun,2026-01-06,"Mandi Bhav: लहसुन के भाव मंदे, गेहूं, सोयाबीन और चने के तेज, 75000 कट्टे रही कृषि जिंसों की आवक - Patrika News","Mandi Bhav: लहसुन के भाव मंदे, गेहूं, सोयाबीन और चने के तेज, 75000 कट्टे रही कृषि जिंसों की आवक    Patrika News",https://news.google.com/rss/articles/CBMixwFBVV95cUxPaHV6YkNmWnc0Y1VQQnBfaFZ1MXgzc1lBWEJUTmVBc3huaG9sejhRTlhpRGpabFFCY0YteWdIZWRES0dFOXhsWUR1YzFfek9raHBNVExHRExfZWxraDBVNFFaNk80Y0Y5YVFtbXN5ajlVeDFYQTV2YlJSMGc0TnMzdG84WUtEM2dVLTB3Yk9BZ2JkcndIU3Y2SXNBSndRMDRWMHNaYW9mUmZYOTMwczFaWDBva1Mwd3BEV25VRjJNZVhFVUd1Sjg40gHMAUFVX3lxTE4yZ0I3N1Q1ai1QSVJVMGRHdkNWYTQxMDJ4MUhMN3dPMzNXbzN3eS0zeFh5ejAtWURsT2lPQkUzejMtUTVobEpDejZsLThLZHBhekVPb21pdGFBOFhsQmw0Y2VnbWdjdzhKQXZZYnJnY0JtQkFCMzNQZ1FyZDFiVThFMGlNRFNJOTVDLW5MbkNJSUwwakJwb0xLelpjcUhTN29TZTM2SnV3UVFqZTFfMlZOWF9SdHZDNVFxdXRSbElEMGloazNId1BRVWRCbA?oc=5,2026-05-03
google_hi_lahsun,2026-01-02,"Kota Mandi Bhav : धान, उड़द व लहसुन के भाव तेज - Patrika News","Kota Mandi Bhav : धान, उड़द व लहसुन के भाव तेज    Patrika News",https://news.google.com/rss/articles/CBMiowFBVV95cUxQYnNpOXNjcTVuaWFNWTVvR1h3c2wxakotQTNQMTNGREhhZjZjTHhPS3o1SENJMmdBdENkRkpacm82UUwtRW1UaFRpMkFkVU5MeUhuMTV4NGVVUlRvbnY1RjJ4WnBreFJzRWFXR1BSV3pzaDd1ZVNKWTNFZW1IcndLQ3dlWUVGcV9CdUVDMW5VTVVQd1p6aFR2TUVqMnJyX1FKUXpB0gGoAUFVX3lxTE96Vl8tcjNtQ2NhR3VrYXEzZEhRN0YxbVNPVGJiVkxzV2FWZTd6RW4tWS1SY1NkNmlsbHZ6UXZ1NGdMbkkzQXl5Zm5Sbnk3TWVhX1JNR2g4TjZOMlI3OTZpNG9YYWlpZEpJdkhYZ0NjQ0JvTndIc2NiTzQzLWZDbEhhRE9rcmVhclhlQWJWOUJvSTR4RUpSWlNXWjBxRUlGd3RhNkRXZG53UA?oc=5,2026-05-03
google_hi_lahsun,2026-01-01,"Mandi News: लहसुन के भाव मंदे, सोयाबीन, धान, उड़द और चना हुआ तेज, 90000 कट्टे रही कृषि जिंसों की आवक - Patrika News","Mandi News: लहसुन के भाव मंदे, सोयाबीन, धान, उड़द और चना हुआ तेज, 90000 कट्टे रही कृषि जिंसों की आवक    Patrika News",https://news.google.com/rss/articles/CBMiuwFBVV95cUxQYjdTcXY4MVl3dXprRFNnX2xDU2JoWElqMkVhaHZzSExZcjF3NkRtWjlhc0FxRk8xZV9wSDd1cDJfbnA5VTNlcTlDY0ZldU1URlVuTnBHMjRSNEw3Z2hSMm5PeFhxb1lRQnlmeDh3N3JrQTVRTFNZSXliOUlpV2xtT1BFdlZSX0VCeUFnNDZfVDRzQmRwOU9hVThtcFFZR2JyT05JWExjSjZHRTlXY2pNazhtZE9XYXNDOWhF0gHAAUFVX3lxTE5HQjRSWHl3NlpGYVRMV3F5ajN0Si1GVWNTTjFXUWhCQWRWaklVUlRPZnpWMXlvdzQ5b2wtUDdUeWtxMHlTeHhiSUowZWxFd2FOem9RYmVDMF9zMV84QU01QnVGNEVsbTlpMklpYnBKVU9LdTVER1B0WmxsdE5KMXhOM1JMdVk4YWJLckZkUEJYZGNTcGxwSUJuLTlnWnZqcmpaSXlkdE41dThwa1lPc0UwdS1lMXUyRXE0WGpKc2NjdQ?oc=5,2026-05-03
google_hi_lahsun,2025-12-26,पोलायकला मंडी में प्याज-लहसुन के भाव बढ़े: प्याज 1300 से 1600 और लहसुन 13 हजार रुपए क्विंटल तक बिका - Dainik Bhaskar,पोलायकला मंडी में प्याज-लहसुन के भाव बढ़े: प्याज 1300 से 1600 और लहसुन 13 हजार रुपए क्विंटल तक बिका    Dainik Bhaskar,https://news.google.com/rss/articles/CBMiuAFBVV95cUxPRkRZZ0xfU0x1c3RMS09wWjRyRUF4clFiVHpNUmxhLXF0Zml4cjB4RzYxX01KdmtEMmpvcGpPcUd5WmhnZ1dVNDlMbzhyLTRmQTA2MXJDVklLMjNFN1NndTVMOWxzUWZmR19PTkxEWE42dnJ1ZWxseGRyYWdXekVDbnR4VGZvQ2lvX09mTzNULTVtV3Vnc2R6THg0YndoZ1ZkMXZHZm1NNjRWSzl2QkwyN1h1dDZXSmRV0gG-AUFVX3lxTE5CbE5BNUZpM0ZTdjVtQXgzNjdFRHdhZzR2Yl9leTRjTFl6RUY5LWlXU2xXM0JjU3NIOFptVS1YdmUweXc5UDB0eWhFLTBrRTBwdHVSU1F5N1FiRDc2MmgzM3RMSm55U0dqd3MzUDI1b21yNHJ5VjJaVTVRcjFuX1JqWnZsQWs4Uk4xT0U4WTJleE94dUVHZzNXYjd2M1M1MDhnVHhWRm5SenVpdU1NWG5EU0VWTVRDRXQwSmVDSWc?oc=5,2026-05-03
google_hi_lahsun,2025-12-25,"10 दिन में पलटी लहसुन की बाजी, दोगुने हुए भाव - Kisaan Helpline","10 दिन में पलटी लहसुन की बाजी, दोगुने हुए भाव    Kisaan Helpline",https://news.google.com/rss/articles/CBMimgFBVV95cUxPODBTQ01YQkR4S2hxcEtHMGVuUVZWXzRoWkJma0JwV0hxaERmektnZFQ3MHBVd09PbVRPM1M0RmI2dGpmSmYwYnpGdnBPbmtXdEhtLU9kT0ZlZVhNcXQzTkx6dHpTWWF6T0FfcTlsVzZLSDlTOUctZm5fRDVmQkF0T2Z4TmxfWlZUa0lOX2pTQldWQjNNZmRtb093?oc=5,2026-05-03
google_hi_lahsun,2025-12-25,"Kota Mandi Bhav : धान, गेहूं व लहसुन में तेजी - Patrika News","Kota Mandi Bhav : धान, गेहूं व लहसुन में तेजी    Patrika News",https://news.google.com/rss/articles/CBMimwFBVV95cUxNMGF1MUpNNFFab1NvZUw1Q2lhWkdsZFVxdEMwR2p3U29qRjBTZk52cF9ud2kxaGJNR0d2Q0RqS1hHdFBrTEkzYWlGbGZ6eE9LUUtqT3UwY3ZoU1dDWVJSMzlsZlhxQlNGVTR1U0I1VWpxbmMyNHB0MEFVNXMyNC1jVXZReElBYkZTUFJPYk5HZGJwZWc0SlgzYUZqRdIBoAFBVV95cUxPR3Z4Y2c3STJqcjY4RW1sSXNsZFhVSHhpcUZicWE0LV9RMklsREtIUWZUQnM5cnZXS1l4c2h0dVBFODcxbjBfNWV3dV9OWVpuWF9OaFFwbjJDZ1pVTVJKZWZoTjM3UkpVaW41NXVnN3BRMy1vSzBQNkFRYUM2TTV6U3hxaS1ybHpBV1Y0b1JfelZHQ2NWV0p6Y3RnWEo0cEYy?oc=5,2026-05-03
google_hi_lahsun,2025-12-24,"कोटा मंडी भाव : गेहूं 20 रुपए प्रति क्विंटल तेज, लहसुन 1500 मंदा रहा - Dainik Bhaskar","कोटा मंडी भाव : गेहूं 20 रुपए प्रति क्विंटल तेज, लहसुन 1500 मंदा रहा    Dainik Bhaskar",https://news.google.com/rss/articles/CBMi0gFBVV95cUxPSzdEMDF5OEFTcmN0NWxfdVpJbjRQS1dLVU10UGJwLVZoYkh1OXRmQURLbVRfNDh0TEotZkdzNXlXRHhtUlVkbWJ4TW92MDBqZ2FKRks5dE1ERGU1V19mUjlQMU9Ca1FRaWtld2RmdnlCR1JsQ20wVGRlcU81QTdiMEJtenExWlBic2VrSmVjTjhkak9xbVd6U2loRlY5NVhBNWJJTS1VTU9rQWRWVEIydHRUUFRJdTFfX2lDLWYxOGNJd2hoNHNIcmpucDVBOGIxSXfSAdcBQVVfeXFMUGF4V1JkQ09HLXEwaVRBTWRHS1NIYm4wRjcyLVMtdkxqTU9BUmM3NjBYTDI2ZVpZd1BUQUM5anloUDJ2QUwzSUN6X2VXU0Yxem0xa2lzWEJ2SC1lYWdmbllUclNUUk5oWjR3M3hLU0ZhMnJGZjV4SXczOTJReW5Ka25hNnV1bmV0Q1hxOHluZjRtV1djdno2RGcxTzZuZjJ1eW9LRHZBNnhEdVJoNDY4RlEyS0ZlQUtGbGZzY3g0Q05tYldXUlk0S1FnU2pBVk1tUjNBb1dNcFE?oc=5,2026-05-03
google_hi_lahsun,2025-12-23,"Kota: चांदी 2 लाख पार और सोना भी हुआ महंगा, लहसुन की कीमतों में मंदी, जानें सर्राफा मार्केट और मंडी के भाव - Patrika News","Kota: चांदी 2 लाख पार और सोना भी हुआ महंगा, लहसुन की कीमतों में मंदी, जानें सर्राफा मार्केट और मंडी के भाव    Patrika News",https://news.google.com/rss/articles/CBMitwFBVV95cUxQVER4R0RBOXVnTVFjbDBVaVctRkpiLVMyVmU1bnZGU0pSZVhWcWdicS13M3JhcDU3ZERKb2tXYmlfbkt6NGxXQXlqc0RHX181TWlzVTVydlFMYm4wYXN0VkRXdEk2QjRoZDVTalFQOEtDRUM5M2wyMGd5ZGg3QUdNdXA0YjNtR09OYzk3c3V0VjVHWTdtbmxvVUh4TXpvQVgxLXFvTHpzNnYzUzBhTi1hTktQVHZ3SmPSAbwBQVVfeXFMUEtLclZ0aldzWW9CYmh0NGxOaW15bUI1YXRib1QyY2JCaVE5bWw5R0lUXzk4SnVKRU1FSzVmcnBxdzBJa2NlQzQzTzdCTlpVOHN1VUZicDgtZk9wcXYzOGdHTTRJZy1vVTd3cU53cUdNNnE2MzB3TzhSUjdZU24xcGpjNldSRG1lZXc5cUpFOTBOYS15aW02MHU4cjlUeHhIZExhMW4zcDZqbWZPUk9fRElHWTNUR3NJLWhUSFQ?oc=5,2026-05-03
google_en_garlic_exp,2025-12-22,Agriculture: Time to focus on potatoes and garlic - Dawn,Agriculture: Time to focus on potatoes and garlic    Dawn,https://news.google.com/rss/articles/CBMiSEFVX3lxTFBKSjl4Z2NVZnVOeXJ1MGdYS2dQdDJocVVjakVYcmJtUl9fVV90cDZhdkluVXdOckI3QWJtdFhSbWdoV1VWNk9nN9IBTkFVX3lxTE52akt5UWlCMUdzMXdNS05xbWNPNHc5dmt5RUVJX3RjQmtXVy1WSDAzWmozdWxGYWZVM0NEVmQ2Q1dRQnp6QzMtTDZTYlZ1QQ?oc=5,2026-05-03
google_hi_lahsun,2025-12-21,"केवल 10 दिन में पलटी लहसुन की बाजी, डिमांड व सप्लाई में अंतर से दोगुने हो गए भाव - ETV Bharat","केवल 10 दिन में पलटी लहसुन की बाजी, डिमांड व सप्लाई में अंतर से दोगुने हो गए भाव    ETV Bharat",https://news.google.com/rss/articles/CBMi_wFBVV95cUxQNW5tUTlTTFZ3NDVBbTZvaTFiZC1KWnlLb2VvaFpzT3ZDaHRDT0FqdE50VWQzck1CQlJvUzJBYzlnMFFybUdtLWFVeTY4R1doY3RHb2NjWWpZV1NFWHV1R3l4U3pJaWphSDEyOUhEejZObzZnRmQ1UE5Cd2xUZHlmcWd0Rk5GekhoTnY3a0I3ZEdNODRrUzhCb01xUjdGbXc5dzRFb01RcmhmOFpsRUNULVFWRlJNSFJuUkVhQjlWQWMySVNaN1JHWlpkYWJMdkExSVFoSnM0OTZnMWV5czhDcU9NbEZ6cm1mbFdpcFkta0hrZERWdHNSWEtoNk16Q1HSAYQCQVVfeXFMUEl5cC1fRXl6Z0N1ME1MSU1aZFBoOWR2dkNON0pRbi1MZkNCcU4xWDVvWTNTTC0wd091T2p0VVJISU1UMHhCNDk2Z1IxbmM0NnNQcXFMOGZqaGZHSENZMUl0MXJUanlUSDIyRVFRUWNPOFFoTVdfdDliLTlHdjJEeWZZT09ManVqY3BidndUbTZ5X2hfamI4OW85S0kyVk9jTkV0TzlEWWhsbXZqbnRVb0FlbTJFakpaeHhsWDhRV0JkLTB2UlFPeEtLdGd1OUdpeEQ2QTkyUERQbzhhcWh2bktxTXNJb2xGUk02NnVzV2hQWG1JVUtrcXdtclc0QTNvR0w0dlc?oc=5,2026-05-03
google_hi_lahsun,2025-12-20,"Kota Mandi Bhav : धान व लहसुन तेज, चना व सोयाबीन मंदा - Patrika News","Kota Mandi Bhav : धान व लहसुन तेज, चना व सोयाबीन मंदा    Patrika News",https://news.google.com/rss/articles/CBMitAFBVV95cUxQblhqSDdxR1pFejJpRW0xNlA5SFdoQVFiOG1BdWEwOE8xaGR3Tl90UzJfSFhwVFBycnVGWkt6Rmdnb1JHdl9ZMVRMTFZxRGJiOEJTTFpUdldELXBvbl9ISzNqdGxUcENnTVlVa3FQR1VCVTBtU3lsbkJUbldmUHdrb2tWV3FVaXFqWE5JeXZNeElJVWtNZER0azYwUHhRb25uWW45dW9kQUIyUmxWUkNXN3JUN2rSAboBQVVfeXFMTzNMN3hYdjlibXkzMGVJd0R1YWV3QnZ2cDNlVFlKVW1rRmFkaGJCNV96NmdXX2lub1JzdmxnX0Y5Rzc1dk5MakIySWwzVzlGaHlLNk1nTFFnd0FRbmp5VTFtUmtMSnVNaU9mNzZBcHB1NGlhbDdpanFXOHBrTVEweXdZYzJ0dmFRNGhrSEJfelRtTmItR25peWdfSllHbERGYnRQcmhFRnpZZW5mWlJYZHQ2Y0FVZUtnam13?oc=5,2026-05-03
google_hi_lahsun,2025-12-19,"Rajasthan: इतने रुपए किलो बढ़ गए प्याज-लहसुन के भाव, एक सप्ताह में दोगुनी हुई कीमतें - Patrika News","Rajasthan: इतने रुपए किलो बढ़ गए प्याज-लहसुन के भाव, एक सप्ताह में दोगुनी हुई कीमतें    Patrika News",https://news.google.com/rss/articles/CBMirgFBVV95cUxOWFcxQnhfanBYR2NFemRzNllidmFFWDY1S28wYVNrZndSNGxTWEtlb29IaXI3OHM2MTVyOEVXSzhmdkx6cmhZcXRJU0pCVWl3RlMtWEtWellOQ1FORXVVc3dYeE1pcVBIU19LaXphalhKTVI1aDBEcGVIOUREa1l5MWZiZ1JjZktrdF81amd1aXY0ZHQ2cUdxVHRicUl0d3F5Nnh4OHlOS0dQUVlHWEHSAbMBQVVfeXFMT1VfR0RTajRzMks3MHRfc24xaGpES2E2a3JTdTB3UjZhcS0wVWJhNFE3bU5ZMlFvNnljRk1iSVlfMmFPcXBLVElZUi12MF9jVGMzNTBUQ2RrX2hQVzRXeC05eU5jMnB6V2RHRXZRcFQ3cWtWWGppSkdkX0YzUUJ2ajd6cEJYLTV2Q1k4endLZm9mTVN2a0l1cHhFUjUtOWRvVzNBS2ZMZFRJRkZJQUE3c1p6clU?oc=5,2026-05-03
google_hi_lahsun,2025-12-19,"लहसुन की कीमतों में उछाल, आपूर्ति कम और खपत बढ़ी, तो 150 तक जाएगा भाव - ETV Bharat","लहसुन की कीमतों में उछाल, आपूर्ति कम और खपत बढ़ी, तो 150 तक जाएगा भाव    ETV Bharat",https://news.google.com/rss/articles/CBMi4gFBVV95cUxQWlVJYUlfSEpwNmkwTUdvMTZpQ1NyVWVkT0JjT05YazhOdTVqMUZFNTVRc2g0aWZsSTVSekVaWGZObmhEYUZ3RHE5eVFEeDlhcTZ5R0RwTTYyUm1SSXl1V0NWUFlIRGhVV1QwVzhOay1FalZ2Wmo4Y2tvWF9JNDRrcGFnNHVXaEZTcnVoU2gyN1NfSWFJTFZGU3R0WXByYllaajhiZTEzOUc1T3k1QldhSWhIWnZHOG9OZmswLTdEdVBZOXoxc25hbW50X1lsa1I2VXpNcEJzSzhhVDhDNVoxazR30gHnAUFVX3lxTE1RbzVCV21tWVI5MlR2Qmc0SUt3R0dubm51ejcwRGdwcDJ2WDNpWFp2Y1NhY0p2YkxxSDZLRU5xMWVHbnIyZ0xwcU03OTc0TGZCNExuNGtpV3lTNDNYNUVBUENNa3BNMjZlaDd2a2g1VGtRN05nT0cwR3RzcmNWQ3A5aGZRTGpvMEpMZFV4cXhlMXVjby1GeUdRWjlmRXgzeFNjQy1mS3RQNlhTaHZpajBTS0ZLTDZzU3JpMnd0SmlkdkR6UVVnRG5ic3RmQVNKWXNJUFJmTGwwT3JFUnB3TEIybUc1MHY1VQ?oc=5,2026-05-03
google_hi_lahsun,2025-12-16,"कोटा मंडी भाव: धान (1509) 50, लहसुन 3500 रुपए तेज व धनिया 200 रुपए मंदा - Dainik Bhaskar","कोटा मंडी भाव: धान (1509) 50, लहसुन 3500 रुपए तेज व धनिया 200 रुपए मंदा    Dainik Bhaskar",https://news.google.com/rss/articles/CBMi5wFBVV95cUxPLXFhNlRvOS1ZMWtVbkpnSDJkYmdqazdDOGhOYU1DWElmQ091ajJaTEN4Z0ZGTzQzOExLdlhaM0N2cWUwX05EemtZcGNRNmJneERTSHg0UUEyODI5ZXlrSDVvclVuckFMUGltMXZPZnhxSEhCWnBMSVJ1b1kxaU45UW8tN0M1RzVXYWI2RnUwWE54eUJRczdBRzRabkpjV3N6dGRZbHhRZ2hUVkRxTmZzU3E2TUk1MTRCS0tjMW10bVExejBvT1Y1TkVWY2d0cWViZ1VWVXJaUVlzbVd1dnJqdDRsdFJVdDjSAewBQVVfeXFMT0tGMUlXZ3pVRjN1ZDhPVGFJWXNVQ213V25Ic3FIQ3R1cFM3TDFmbDg4S2xHVkpmWkJmdWtJOGtsRGJTUXVQOUdTbkhZb1RmOG8xLWMyWldrMHYxVVgydmRsSU9pYlZpS0Jjei1SU3otVmNWRzhGa1dkTGZiRE5YWkRwVEYxRWVvenpaWHhUcDJkNEp6cEZoVHVBbHBBYXBoZzlsWm8td2tFS3pFbHdodG5iS2UwcTVtQmdCTGNHQVNVSUFtdmQ3ckYxUWdRWlhlZHBERXVhM0hKeGZ2eTE3Wk1kLTB5ZzZlOGVCR28?oc=5,2026-05-03
google_hi_lahsun,2025-12-12,"कोटा मंडी भाव:सोयाबीन 25 तेज़, चना 25 रुपए मंदा व लहसुन 200 रुपए तेज - Dainik Bhaskar","कोटा मंडी भाव:सोयाबीन 25 तेज़, चना 25 रुपए मंदा व लहसुन 200 रुपए तेज    Dainik Bhaskar",https://news.google.com/rss/articles/CBMi5AFBVV95cUxNQ2tHQ3U4UVBjWDZKbkhSekotSzVHS2xHcTFHeGVGVTh5NFNqLVN0aGZ1djBpVkZEZmpBQTNMZWNld2l0Y2s0MEVadE9CUVBuaXZpMktwUGpCb3d5VXR1QW5vSzVyWUVtenZuaVB6VUNQTXE5dUJYWlFBV2cwd0xPVk9TM0l2NUItekZoYUIzWGhjZVdUSU5PMUlfbVhnTHRwekU4V1RCV2lONVBWeDZXaFliankyRlRlV1FEUWdjX19qRHRCWHRWQ2d6Y19YX004dUcwRHBtc0s3Tm5EWHc5ZUVteWnSAeoBQVVfeXFMUDhmNVR0dGJmUUhzR0V2R1JkZjFaRWlnVDlJMUpxM2hJR1kyUWFqdG4zMHdNaXJud25rUE5NV0lSYzRtOExzTDNERnRlYnY4WmpvZUZ5cUc2TWhnb3pBdkJWY0RYUzA0Y19WNFZzbXRUM2xsakFPNnBIbHY0clR2OUVWRVFrVmdua2RvWVlzT21BaXhFX2wtVmlGQkM2VWtYWXM4Sy1ISDBSSWQ2aDBTa0VxdW44dnUxbDB0UFJzVV81S2VUWW1sNGZFVXJwRHVUcWZscXZmUGM2clVPUC1EbnNsNk91Ni1kcTlR?oc=5,2026-05-03
google_hi_lahsun,2025-12-12,"मंडी में प्याज-लहसुन के भाव बढ़े: प्याज ₹700-₹1600, लहसुन ₹5000-₹8000 प्रति क्विंटल बिकी - Dainik Bhaskar","मंडी में प्याज-लहसुन के भाव बढ़े: प्याज ₹700-₹1600, लहसुन ₹5000-₹8000 प्रति क्विंटल बिकी    Dainik Bhaskar",https://news.google.com/rss/articles/CBMitwFBVV95cUxQcGN5NnJXVEplSHRLX1ZzVjFRbWk2QVlfRGFkYUhaVW93QzFIN3BkNkdzd01BWjZQWW5vQlJEeFBEN1J5cXVOWExIejg0N2NNRVFtS2RjV0c2V2lCb0VlN3VUb0tDUmU4M2VHVGR6LW1seU1PSUlfb0xDVlh1cDg4MnZOb3l4X0Y1RkJzck5JRnRaalJOYWRud2d6Y1pRMG80UVJybW82S1JmaTBWTGtxZ3FVVTZWUjjSAbwBQVVfeXFMUHptWGtjVV9nTjZESkd6TkZPUWlaSzZwcFpWS3BqdXM5OTU1aXBsZmdYdG1pSzMzcFUtTVB1VENMeWxVQ1NPZXk1dnFUTy1fVXZHTHJ0Y09OQnNSa1lsQ1hkUjMxajBBZTFva0hxRmpnbzNpLTkzWjY0MmFHTFpaRUNrajVhdUlrcFdtMXhJT0pBX2lNNmxlVGxpMFZlb0h6ZHZhSnU3Wl82VGtWOTN2MVhIclg5Tmw0M1R6azQ?oc=5,2026-05-03
google_hi_lahsun,2025-12-10,"सावधान! यूपी के बाजारों में बिक रहा चाइनीज लहसुन, इस जिले में पकड़ी गई खेप, खरीदने से पहले ये खबर पढ़ें - Navbharat Times","सावधान! यूपी के बाजारों में बिक रहा चाइनीज लहसुन, इस जिले में पकड़ी गई खेप, खरीदने से पहले ये खबर पढ़ें    Navbharat Times",https://news.google.com/rss/articles/CBMilwJBVV95cUxQSk1YcFBWdncway1QWkRLTGpMdXk1YXBBNjhjbWJHVi1LWUNwVEMyMTk3MFpwUmdiSThPU0p6WUo3ZVdidmVaLTJyT2l2UkNiSEFqbEtXdkc0cHhISHlyNmhHM3I4N0pQczZmc0g0eHNwRE5LczBsTlVsMlRsa2Z4YXp5Y0VLWGJ2Wml2b0swRDlOQVNHWE5waU12Y2hhZ3l1NWIyQkUzWVkyUURxMWRRYm9BN1lpMGd5eG9xMmVsT05zeDlzYXNlQkRwZXBjUktwNFVraFJQcURiWGFmdHpPaFRlTkE0Z3VFZUJPTGhGU0tzcjdNM3NydjYyZE1rNjBmSXFEeHppUEljdEdzc1U3RzRCRlNqWTDSAZwCQVVfeXFMTnNBdlY5dG50ZjNHZUdRUmNQTnB6Um11TjVYMnJCRW1HVEd1cHRlNWxSN3A5OW8tVm9xSEo3Z1IwaWgtaTNfVnZOYjhxbndWaHpCV095T0o5WDZRNUZfY1MxdlJYY3pGRUY3Q1gzOFcwNElOdjVYMkhRV0ZxLXNVT2twbG1paVoyblhZbWxLb2ctVnlrRk1JT3hfT3AyTnJaQ3JOLU5PVGIySkJoWTZwVE12TW1BdFIzek5BLTdmeUxQWEdnQzVSZE1LTDF6eFpiZTFKMlJ6MlFzS3p1eFJVYzRWQlhTVWxETEMwUll5TXZsamlRRmg2Yi03emx6S2t2OEpEU3QwQ3AxTTJoZzNYWEhmUWdnSmZNdjRhRWE?oc=5,2026-05-03
google_hi_lahsun,2025-12-08,"कोटा मंडी भाव: गेहूं 20,सोयाबीन 25 व लहसुन बेस्ट 200 रुपए तेज रहा - Dainik Bhaskar","कोटा मंडी भाव: गेहूं 20,सोयाबीन 25 व लहसुन बेस्ट 200 रुपए तेज रहा    Dainik Bhaskar",https://news.google.com/rss/articles/CBMi0AFBVV95cUxOazBpWklwOEZuaGtiOXh2dUlvSTNZVnFoRm9saDg3eEVKUXNEUHFhcHZaRTY1dnhBbTRtbWNYSmR3bDJvUG9YSF85bDBiUjJ2TUFxVVZQUWRQdTYtekJUbFFydjQ2Ynh1ZEk1Q05YMEpCelRyLWRjdTg2XzF4UF9aNGtKQjFjOEJiX2xzeVE0OXhWZzlSa2dna3E3Q3g4b0RrNHY2ZTN4VFNTN2lTVERYS3pGemxkVnRtZGdtLVRLN25OZ1dvRm9rYW9IVTdQamx50gHWAUFVX3lxTE1aLXRVclJ0dkd1UGs2bm9aVzV2Y2dYSUZaOU9yRHFHaGtrd2pEREUtWl9CQVE1aVAxNWctRDQwSlVoa3lSbXdmQVctNjZPcV9MeGJwaEgyNG4tSXZjMTR2U1pmVFQzU0pUdVVmTHIwc1pqem5NYk0yMlhtNXdtcHRLTlA1RWxWYVREUU1KLXBGaHlFUVl0YmNNTjZobXczd0xvcFh1VEduSzg5TGZfNXlra3BocVRfNE9rNFJjbFp1U2RwVC1VczVSdVcyTUJWWmVOT2ZPQkE?oc=5,2026-05-03
google_en_garlic_exp,2025-12-05,Egypt Expands Fresh Produce Production: What Public Data from Major Operators Reveals About Market Trends - EastFruit,Egypt Expands Fresh Produce Production: What Public Data from Major Operators Reveals About Market Trends    EastFruit,https://news.google.com/rss/articles/CBMi0gFBVV95cUxOM095MnNyWHM0LUVyMWRnX2RJVXVXaE95VW5OdGpHeUJmRkd6S3ppZ01TWmkxajdGSFZtM0IwbzVfSGNTYm1OcGhPQkZFWWk2TnloejI0THhGZGhrRzFsM3lNSjNtMXN0LWVpNTk5UTQtUWt1ckZieVhkb0UwMlQ2dGFNV2JlUlFWaHQ0VURNNVFwbS04Tk4yeFJBV3haaGhCV1NfenFWX2stYzNOT1JidHVGTHZKMmpYbGt0SEN0V1dYTC1NZnJ5RHNyRExCSFpwWnc?oc=5,2026-05-03
google_hi_lahsun,2025-12-05,Kota Mandi Bhav : सोयाबीन व लहसुन बेस्ट मंदा - Patrika News,Kota Mandi Bhav : सोयाबीन व लहसुन बेस्ट मंदा    Patrika News,https://news.google.com/rss/articles/CBMikgFBVV95cUxNT0dxUEtuSFdmZUVfYmt0VllFb0VNaUR1d2JXeEVmVGdOZDcwRjk1Vk1FeDhBemFWRzU1OUNJVmdpWjJfR0k5MXNaTThZX3ZzdlBYQzV1V2lEYm0wcU80eFNKd0FKb0FTUWliNmhPTkZvOGpVc01uZ3JaVWo0eWJ6bWJORkNrWkU1Z3dmeGotS0tMQdIBlwFBVV95cUxPTzlEX04talkyYm9WTzBsUnZqMHZ5Rk9uNWU3WHJmZEpLNThXV2dWS3ZpRk9iNHZaOVJuRGt3OU01MjlpMFM1UEt3UDlVdjMxUFpVTVVKTDdZQngxZVFZbHQwT3JOSHF6RkdQcmRlaWVUTjB1Y3g0NmhSeUE0MUg2LVpqYmgwWng3LTUzOU9CZVVLYVAwUXJn?oc=5,2026-05-03
google_hi_lahsun_mandi,2025-12-02,"पोलाय कला मंडी में प्याज-लहसुन के दाम गिरे: 800-950 रुपए प्रति क्विंटल बिकी, किसानों को नुकासन की आशंका - Dainik Bhaskar","पोलाय कला मंडी में प्याज-लहसुन के दाम गिरे: 800-950 रुपए प्रति क्विंटल बिकी, किसानों को नुकासन की आशंका    Dainik Bhaskar",https://news.google.com/rss/articles/CBMiuAFBVV95cUxQTno0blFwTTIwQmY3UkFjdjA5U0QtWms5cldXaHRvSzlFc1lWWWJQd3pXQUxkSmJvdl8tbDBnZG1EU3R5MXdBRTdDWUNfWVV1VWZLVHpuYXVBbTdJUWxfUmJXeEhtazR0akdJeFh6RHF2cTlSYVl3cHlpcUZJQnJZYjFrNDZ2OU9pck9uN2U5NS1BRnRRdlhGRTBweWNJZnlYTTlTMjZySll0NDBIMjZOTVNfeFh1X1Fj0gG-AUFVX3lxTFBqdEdjSkdOMlJtU2c3LXdPVXh4UlhsZUlPMWFSWDQ1QWRRLVNsZHg5a2VnbnlaSzZURERSYlFCNlVEMlVENFVjRVB4N3ZXOVF4UVc0cG5leEkxcnZ5MWVZWUt6QnBoZF8tbWtZbkl5ODZBLUVoa1VXbnZpLTB6LXMwN3dsMkpsWWF4VExFdGtpREtmM1BXbG04VlVrRnk2OHhmQXMydE8wZnFld0Q0LVd6ZVVLVlhkQjJ4UW1JMVE?oc=5,2026-05-03
google_en_garlic_exp,2025-11-29,"Production volume of garlic in India FY 2024, by leading state - Statista","Production volume of garlic in India FY 2024, by leading state    Statista",https://news.google.com/rss/articles/CBMiggFBVV95cUxOOFJ3Nm1TXzlJQlpTZVFUeFh4NmlIZjNNTEVLQmptcU96Mkp1UERrN2NNTnVBYTBaU0JHbGthSk9QbFhXY280bGctU0s0VEREWTN6RmRaRC14a0I0ZUl0T21NWTFQN2xFV1hlWXZySVZieEVCMnVINU1hRFQ3bXZyUjd3?oc=5,2026-05-03
google_en_garlic_exp,2025-11-29,India: value of spice exports 2024 - Statista,India: value of spice exports 2024    Statista,https://news.google.com/rss/articles/CBMifEFVX3lxTE42SUhaZVFWUG53UTVxNU9IUUV6eGJneW5KalBsRFg3WUFvVHBReTYxcENrVmFIeXprZG5SMFU5eTNqWkVldE9FdmVWc3BwNjVuSjkzVHhnTXJ3VUo3SXZtQUNvN3NrOHRiMVlMdGlMbGNxLWpzczREY2std2c?oc=5,2026-05-03
google_en_garlic_exp,2025-11-29,"Production volume of ginger in India FY 2024, by leading state - Statista","Production volume of ginger in India FY 2024, by leading state    Statista",https://news.google.com/rss/articles/CBMijAFBVV95cUxOMmRLMXRTRS1oRkxFeHNTWmZiNlR6Qnk1MHdxeWR5bHFCT0h5X0pUTFVpRmRHaTBNdTdmMWtfSEVCRXhIdmVUUl8xeUdUOExyUkYyVk9oTjZOUTBjcmhqZHI2UVNpRWZJd3dTS1ZERy1UcDJFcUFVWjFVWXVPVEZOM1NGREVHX1JRMnV3MQ?oc=5,2026-05-03
google_en_garlic,2025-11-28,Average price of garlic India FY 2015-2024 - Statista,Average price of garlic India FY 2015-2024    Statista,https://news.google.com/rss/articles/CBMif0FVX3lxTFByQlIyNFVaVDVJMTRLZG53WW0yM3Ewb0VJZmZMbDRxb050WlFoSUR3eGVHMDUyUWQ4M1lmVi1rMVZPWmg1dE1fM3VRM0RNVjBTT2RlZ2Z1SWZaMElEZ1E5eGJNM1RDQzFNSDJrQVMtRWZOdXRCZUhqWndOemp0MTQ?oc=5,2026-05-03
google_en_garlic_exp,2025-11-28,Wholesale Price Index of cardamom India FY 2013-2024 - Statista,Wholesale Price Index of cardamom India FY 2013-2024    Statista,https://news.google.com/rss/articles/CBMiiwFBVV95cUxPdHNFTXlmcFh4RTZaVlVCVFVSaVZNZTQ3alFmOVJ4V0V6SHlSb1daU2NJaGJxTmFjSUo5SXppVDRDcGNoczhBNDdua1VaQXVDdlBHaDhLV3FXZHBVdEdxM2pBWnRvaHlmUFF2X0hzWWcxVW5LbGpXQVBTV2ZiRkVDRGxoOHZYLTlUdXM4?oc=5,2026-05-03
google_en_garlic_exp,2025-11-28,GLOBAL MARKET OVERVIEW GARLIC - FreshPlaza,GLOBAL MARKET OVERVIEW GARLIC    FreshPlaza,https://news.google.com/rss/articles/CBMikAFBVV95cUxQZTlWb3pjdXdfUVotbi1CZmpBd09xb3JhaUJSNWhrMHpodnRweEV6LWlWSU9FSkJkX2FiTlEtY25ZdlI5TWhFVG0zUGJCQ1hMcXlucTlJekpkdWNvckFyVV8zV3hyYmNYNFZKQ3hvMWFvU3k3OVZIeGJ5QWVhbUIzOXpGT3M1N1VzWTNOczY0MUg?oc=5,2026-05-03
google_en_garlic_exp,2025-11-28,Average price of cardamom India FY 2015-2024 - Statista,Average price of cardamom India FY 2015-2024    Statista,https://news.google.com/rss/articles/CBMiggFBVV95cUxPZW9xeUxCQWRtdFBranNyWnR2VmhpRnJEZTBWWWdMWW5Oa080T1E3XzdXOFh6ZURxMXRrM0JIQTYzM01aV21MWkNnd0Y1YXNvWFQ4Q1h3cEdzWVVXX2IwaWpFRmFxQWpjci05dzJTV2tZN0R5ckQyT29MejZ0LVpiaGtR?oc=5,2026-05-03
google_en_garlic_exp,2025-11-28,Wholesale Price Index of dried ginger India FY 2013-2024 - Statista,Wholesale Price Index of dried ginger India FY 2013-2024    Statista,https://news.google.com/rss/articles/CBMikAFBVV95cUxOMjExWDAzLS04TExyemJlLUh3UEJhZHRGMm00dkJUVnlBQW9jSTNwX1dTc1lFaWxwY3ZiUXdGcGkxUktuRG5pQU8yV3pKM0xuN3A3Qm4wREZYcmVidF81eGhuMm9RdU1TVkFtYkNmSHdRYWhfdUNCSGRhWDZJV0NwWUp6THdpN0JrdFFEbXJHQ0U?oc=5,2026-05-03
google_hi_lahsun,2025-11-28,"कम दाम मिलने के बावजूद लहसुन उत्पादन का एरिया नहीं हुआ कम, धनिया की बुवाई घटी, ये है बड़ी वजह - ETV Bharat","कम दाम मिलने के बावजूद लहसुन उत्पादन का एरिया नहीं हुआ कम, धनिया की बुवाई घटी, ये है बड़ी वजह    ETV Bharat",https://news.google.com/rss/articles/CBMi6wFBVV95cUxPaWd6amxmay1PWTNPQ2FjRTRDdW1ZeWo5M01EelA4UEYtbzhSLW5FWjM2SDRGaktMTER4LW9EaDlJTjZ6Z09NTUwtVHhNbTRLREZJYnY4Ukg2UWxUaEZSOXQwbzFoWE9IeVpWN2xHNzBIUTc2RXdod2xXVDNrZnVMUVdyV2tLa2JKQnlGd0N2VUpGZ29LRmpEQmhQY1dIdDBtZXFXemdWcmw5VUxPOHRIcVpabHVXTmNFbnVJOW45RXNCVmpIdThhM0U2LXNRWGQwd2UybXJ1RlhGTTA1MXhXa3M3NllScjdZNGNJ0gHwAUFVX3lxTE9uT2FIS2Ywd25SNnlwQlN4dk42UkVuSUI4RFRNRnhmV3MxVTFNbDBtMkFCeGltZ3pzUDlzajNoTGZoeGdTNEhKMF9QQmxaNDJOdGtmdTRQQ1JKX3pDQTlMQjJSSDRRMlRLSzRiU1hFVy12OHhrdGNpQS03ZVZmMmYxY09UQUtHVnhoUV9NN3R0UmdvWUtMTi1pX0RIR3ZhOFQzYW03S3FzckNOQ19UNjdVSEF6YmlSRHhMVzk0d2NuSnowUzRNTnBUNW16cThZR21BLTNZdXhuMnAydDVsVjdSQU03bGgwRHdiYUVUWVdkWA?oc=5,2026-05-03
google_en_garlic_exp,2025-11-28,Average price of mustard India FY 2015-2024 - Statista,Average price of mustard India FY 2015-2024    Statista,https://news.google.com/rss/articles/CBMigAFBVV95cUxOYW54aEw3Yncwd3VJWDBJMUFiZ25zUE9DMkhSVTVCeHVtMDNFbVYwWUlGUm1TUmJDTlR4NGI0bTg1YkZYQnA2MC12a2hxbGZyQzJ3TzgzcWgtZXRBSFVPNGtRbkFvMThIVzMwRDdtR2tmZUdxNDFYN2VUUEdMeDEwWA?oc=5,2026-05-03
google_hi_lahsun,2025-11-27,"Garlic Rate Down: लहसुन हुआ इतना सस्ता, रोने लगे किसान...व्यापारी भी नहीं कर रहे भंडारण - Amar Ujala","Garlic Rate Down: लहसुन हुआ इतना सस्ता, रोने लगे किसान...व्यापारी भी नहीं कर रहे भंडारण    Amar Ujala",https://news.google.com/rss/articles/CBMitwFBVV95cUxNZm1JeXNRaGNiNmtkLXh0RWQwSXJueTFLc045UVFxX2lYVzVQYXlQemZhS3RnSHo5NUM4VlpKZEJhSzcwNmFhbmRkdkNOZVRlQlJiMTJhVHJpSV9JWWJoc0NMcFVPbkE4cUdSU0kxc2xuTDZrbHdYSDFQY2RlejBvVFFwZDQ5eFRqSFY3MjZ4cXBvZHZYRXJub2QwaVdRWWZTeGE1YW5LbWp4VVlrRUJqaXJxUnd5ZnPSAbwBQVVfeXFMTmdHcnE5MXpIeTl3bEpMU1RnTDMtOFNqNDU3VFpSQk1haVBUa1AwYVF5X3EzYmZmZDhIWFNHbDM4RWRMTjNVWnVPM2FHT0FxUy14cmp1aklaQ2UtUlZ4QmxHS000MUV5RjluRW9WVEw1NjRQV1N2UzdWeXRTNkZzdWJMMzRNWW1Wa2ZCdFJhNzJhN1REbmJYMFFZeXctbDdrbjJxZW9mM1lWcTFYMTZyb295RkNUaHRySnhMV0w?oc=5,2026-05-03
google_en_china_garlic,2025-11-26,"""Garlic from China has become the main factor distorting the market"" - FreshPlaza","""Garlic from China has become the main factor distorting the market""    FreshPlaza",https://news.google.com/rss/articles/CBMiwgFBVV95cUxOU1JtdWQ2TjlvWjRsZ2xaSEh4WG93WGRjYWpwZVJxVHlBRnlTR3dtVXl5dF9LQlE5UTFCY0g0X1JneFdGTHdtTlZTNnYtVTVJWUFVWmZyZllhSzY3VkktQkZSUlNhNEVZR0duRjBHaXFGUnJuT1ZjS21McGhvNng4RE1oaXJRZmF0QzBaVU9jZzVnY3pFMFhFNlZzeE5DVGdRaGtXVUo5aGhfWGRBVW9JeHlMX0pqYUYtVEo2WjdqTmFQUQ?oc=5,2026-05-03
google_hi_lahsun,2025-11-25,"Rajasthan Mandi: इतने रुपए मंदा हुआ गेहूं और लहसुन, 2 लाख 20 हजार कट्टे रही कृषि जिंसों की आवक, जानें मंडी भाव - Patrika News","Rajasthan Mandi: इतने रुपए मंदा हुआ गेहूं और लहसुन, 2 लाख 20 हजार कट्टे रही कृषि जिंसों की आवक, जानें मंडी भाव    Patrika News",https://news.google.com/rss/articles/CBMizAFBVV95cUxNQUNGUHBsOHlyNk1YOWxCZ2FVNHVpVm4yN0hTSWNLU2NTSzhqdVA2ZjI4YnRIT3NEbFRKQ3Bkd2lqeDU3WkljcjA0emlaR2syTGZRaHNfbEtVU0lna1lTcmE4Sm1XWkFtd3oxMURJbExEbW91SkRSWml5S19PRkpYWGEwMWxnVXk3U0NPV05YOEpqNnVlemduMlFFaFctc1NZdW53Mmd2YTJGZXZGY2c5Y2xsVFhBdXdkM2NIVkFlYWp4WG43NkowcHBOT3HSAdIBQVVfeXFMTkV6cnhNRTNYWGRCTndLMFp3aHBSMk9Wb2VYdC02LVI2bjZqUThoSFFhdG42d21HTUJDU0JOTmktUktiakNLcG1wUmk0bVJoTmlrMTdPVzRmZnVSVHFWWG1ISDBULWlNUEdzTkpXdUJEdjVyMkVhNExLRWx1QjdGM0o0dlJHMnRaTV91N3FPS2lhamlLamJVMFJweEZMSmpJRFhvd2xxWVFxOE9MSVBkbDFsUmZwcDJFMlpCUThKcUVjbDdMbENZRFRwYmNzeExXdzJR?oc=5,2026-05-03
google_hi_lahsun,2025-11-25,"लहसुन के दाम गिरे, किसान परेशान: घिरोर मंडी में पारंपरिक खेती पर संकट - Dainik Bhaskar","लहसुन के दाम गिरे, किसान परेशान: घिरोर मंडी में पारंपरिक खेती पर संकट    Dainik Bhaskar",https://news.google.com/rss/articles/CBMitAFBVV95cUxQdktGNlY2ajZ2bmxwNndKMHVFUTQzN2FpTmx5azhZUTBLR20yb3BDVGdMeHNtWUJ2aFhsVmVIQzl0SGl0QzhSR0lZMlVXWlRxcUQwS1JpaTR4QTRkdU01aTFFQ1owWVczaExmYVRXZkZQWU9tNFhRUUxweDk5Tnloa205alFHOHRycDctSm02MXFYekdQOGVqV09MSGwwYlNid1paS0lmUjFQVlNYVGNLUGxoTFDSAboBQVVfeXFMTWdFd0lValYzX0FYZ1pIQngzLTFGRmJudFJiRlZyX0NLTWJGcVJPMlJTeHJheWtmWFRjeGZQOUtnVU0zQTR1cTlHRmJ4czdGUzN6bVNTenNnbmk4VEoxU0VKa3Zmd1c1VExJd3M5Zl9SYVpxM1hRMW5jTHNYZmppY0NERVoxdDIyY1AxZzJNZWtEVmpSRFVMbmNuUmVGZG5wVFhHRFJEU2s5WmltMWxTV2JYODlUdDdWVDVR?oc=5,2026-05-03
google_en_garlic_exp,2025-11-18,Trump tariff shock eases? India’s exports to US rise after 4 months of slide; reach $6.3 billion in Octob - The Times of India,Trump tariff shock eases? India’s exports to US rise after 4 months of slide; reach $6.3 billion in Octob    The Times of India,https://news.google.com/rss/articles/CBMimAJBVV95cUxQczlTOVphOEV4TWFoWWVjeFFBN3ZOcElNSDJ2bHZqT0prLXA5dG5XLXYzblZhWGNwb3FBc3JSbEgxckpHXzVnckd2MW1GaXZxTHIxRGYwbmR5eTluWVJiTmF6RnhBRlJDUzdUYUw3NXc0dkE0TWp4X0tRbV9uTW9xTlNlMXUwNVNtUms5SWpZSnpHWE1mUjVfWDFhWm9Dd0FSZFlFbUw4WU1xaEJ0OVZXekxfVTNFc2dQX0ZxVHZnQ1pHOV9NeGltbHBpYkhiakZGTjY2Tzh3dGpsbEJaQmJ1V2lOUXVyVVYxTktvUnlENkZ0cDZ2cFJ1YmtScHA3SGJtSkhpZWNTVUZjdUMyZzFmV3Jxcm82QUpK0gGeAkFVX3lxTE9nMnRZdHYzbmRSLUlBcWtiLUNKRTkzaUpsTWdITE5reVVWV00yUlZkR0hJX3N4UFZDaVlyN1QydFZ5dXNkMWMtUUNYZndvcXA5RXcxdHFyNGZBNzUzcGRLX2JLb1ZSTWJJVEJuTElqSTNILXJmSVpuUUpmSU5JaVRxdG9yZTd3UkN0T1Rial9Od3hQQzFPVm16aEVuUXBJVEE4RmFlSzNFVDdlWnZ1ZlNYdHhWVlZ3R0RqOGpKMExwcDgzdnRuclFTVmNSZllUVHAwR21WbWpWYlkyYjdlajhyS1R6QzU2cUFvTldyRTh2UTJWQV9GbloyLU42RFlVd0RoSVNrSGxuQ1Vjd2FqS2xjdmdnRnd4anNmMzY0VFE?oc=5,2026-05-03
google_hi_lahsun,2025-11-11,"शुजालपुर मंडी में लहसुन-प्याज के भाव गिरे: लहसुन 7600, प्याज 999 रुपये प्रति क्विंटल तक बिका - Dainik Bhaskar","शुजालपुर मंडी में लहसुन-प्याज के भाव गिरे: लहसुन 7600, प्याज 999 रुपये प्रति क्विंटल तक बिका    Dainik Bhaskar",https://news.google.com/rss/articles/CBMiuwFBVV95cUxPVUROV1FvNHBiZFF1Q3BqS2kwdDY4WmdVd3E0Qmx5azI3MTJwc0hqdTdMSXA4Ry1fNloyYlR3WFZLYTE0M1BGSlM4UTc5ejhHUG9IOWl6NkdfOHlqa3ZYN2Jnbmxveklfck5MV0Q3MTZhSHJDX0FjdlZ6RGVlMEJWSDBxWWM5ZWhxd0VoRUd2cHd0ZU5nUkgxRmlQTE1jejdQYnRlUUctb0FldnotdXZybXlqNUc5UVZGX1Rr0gHAAUFVX3lxTE1LMVBPRE52aXFXcE5RLV9ha2RRR1RuTnhTY0tobDdiMy1wdGVBdWJJR3hiR1RSX2RFRmlyMlY5YVc1enI5dDNMWTRUc1hod2RoZ2lFeFBlaEh2N1gxcHgycGRLSXNQU25FNmJnRnFvYW5PZmJja1NZdW55Nk5iTk52WXBfeWc2aEJsclNnOFNTaklxc1MtTm9ibE9RQlB2N1JkdTdVV3RrdFBnX1pIMDI1eDZUR1dneUNfc0RNXzdPeA?oc=5,2026-05-03
google_en_garlic_exp,2025-11-07,Egypt boosts garlic exports to Spain as local output declines - FreshPlaza,Egypt boosts garlic exports to Spain as local output declines    FreshPlaza,https://news.google.com/rss/articles/CBMiuwFBVV95cUxPZTU5WjA3WFpuMGFFeFJ0WTZxSFJnNjJfNWJjVWVlblRjR05veTdSUUdjX182VDZJQjVEY2hJMDNwMHp5NTRwNUpzaUlzMGd5MFpIaWdwWGFiNzQwMmVLM2V5d0tfbXJaYXBGNTNRNHB5eDhENlB0NGpaMGdqdGtVU3FZMEotd2kzSTE3bDlqcWJZZ1d2YktRemVXUXRfYXZFQWxCWkRVNFpqLU9fSFdjWUx3amlYWXRDTjlZ?oc=5,2026-05-03
google_en_garlic_exp,2025-10-30,Indian Potato Exporters: Global Suppliers And Buyers From 2024 To 2025 - The Dollar Business,Indian Potato Exporters: Global Suppliers And Buyers From 2024 To 2025    The Dollar Business,https://news.google.com/rss/articles/CBMipgFBVV95cUxPT1NQcklpT2ZsVmV6U3NaVlJkeU1tenlKcl9LTUdHTnlkdE52YkprZkRqUk92bEMyR2tCbDVVelNDU1g3Z09KelVXUWlOeHJHclE3Y1hQVUxManRDWkNwcGl3U0pzMGlUQ2hwWmdOaFd3eU00WUgyWi1yZElCTFBXZWExRnJLMzBMR1ZpYjVTTkwwbGFwSWVfb3lkajlJbU1ZcEw2RVJR?oc=5,2026-05-03
google_hi_lahsun,2025-10-29,"Garlic Price: मध्यप्रदेश की भोपाल मंडी में 8850 रुपये/क्विंटल पहुंचा लहसुन का भाव, जानें राज्य के सभी मंडियों के रेट - Krishak Jagat","Garlic Price: मध्यप्रदेश की भोपाल मंडी में 8850 रुपये/क्विंटल पहुंचा लहसुन का भाव, जानें राज्य के सभी मंडियों के रेट    Krishak Jagat",https://news.google.com/rss/articles/CBMiggJBVV95cUxOcjMxYmNWNm8tUy1GVWQ3M2FWWHJ1TGpQNjNWOU1OWTBGR04yWEIxaVA1RWxUNTA5US1LLUZteEVYN0hGSG5SeHJfMllZZDB5T0k4TE5nbTV1S0pGajc0UzFoYTc3M3UxeHBRdkxmSUtQYmpEeDJ2aFZnNjJpNzJWT2ViSjQzZWhSMFZzcWMxbm9MQy0wdi1JV1lhODFNWENlWm5wcXpTeVhsVG16TE55c084ZkpLZC16YlBKaFI0M1Z6MmdoVzZNYmdPcGRWWUR2eS1LQWRqSnRLaWQtdDZDUnVzVThiYUp5Mzhfck9qaENfTjdqeTBFQTFJVWhuVC1tTGc?oc=5,2026-05-03
google_en_garlic,2025-10-25,Garlic Production Expected To Decline By 40% In Kota Division - ETV Bharat,Garlic Production Expected To Decline By 40% In Kota Division    ETV Bharat,https://news.google.com/rss/articles/CBMiugFBVV95cUxORVNjZ1hjeUJRdGpJdG5iaGZCdTJMMTNfcEg4VGVybE5zdlB3Z1Zzc2JSQmhXaTRaVFdrNFZ0UGMxTFpwVFBocWdNVm9RMHhwT3N6Y28tcHU3Z01SWFNCZ1RBTGpfcjEtSHZ5cDVQeHNuUGptYjdWckxlNFpOMFNDSWpreFVMVkNnTjBTWk85WXNPcE1sZUxVTnk4aFR6MUZXbFBiWW9XNUc4b3NjQng4UFVlQ1BrdTE3OXfSAb8BQVVfeXFMT0EtVG9HNVRuMmF4UnpBZllyeFAyNEx3TXgwNkI4UkIwX3VoQ0xDZmp2TUVBR2VVRXBYSmE4eVRBd1pUREFKWEZkSm5LTWVvWXNVcHZXSGF1T1Rkc0xudGJPdzRDUFloenc1MEVNN0pmcnRKWnp1bE5lYndnNnhheFRlaU14alpDVmZUdWtEYnp2b3FESDRKX2d3VTdkU2E3ZWl6Z0hXYUtSaEhqSmlvSTZwcXltb0dSOUdkUGtPX0k?oc=5,2026-05-03
google_hi_lahsun,2025-10-25,"Explainer: लागत 40 फीसदी तक घटी, फिर भी लहसुन की खेती से मुंह मोड़ रहे हाड़ौती के किसान - ETV Bharat","Explainer: लागत 40 फीसदी तक घटी, फिर भी लहसुन की खेती से मुंह मोड़ रहे हाड़ौती के किसान    ETV Bharat",https://news.google.com/rss/articles/CBMi0wFBVV95cUxQUWR4RjFtSVIxQTRla3ladFZzVjlPNHEwUEtqVzJkekVxVUE0bW5sU2RoSHdBRzVaYktGalBNQ0xieDhSWXNTR2hRUFlWS2VWT3BXcGpjWl92eUE3VVhCM0NiTG85Znpqek1GYnFjSUVDMlNkQUkxb3Vkb0RMOGhpU2lDRndhN2hDUlZuR0FKZ1NzU3ZyU2JoeGFNREhNWmtGdnplaXVJOHA5VnFuZlN3YmUyRk9sQmIzZzJBQTZwSlVMWmF0WTZQaXJ0QXNBQ1pjdHFJ?oc=5,2026-05-03
google_en_garlic,2025-10-22,"Vegetable, fruit prices jump in Rawalpindi, tomatoes hit record Rs600 - The Express Tribune","Vegetable, fruit prices jump in Rawalpindi, tomatoes hit record Rs600    The Express Tribune",https://news.google.com/rss/articles/CBMipwFBVV95cUxQSWxZa20tM0xvVlozUkRMdE0zNUQ0d09VYUg3S3ZubEZHVEFsaDhVaEhSUDlvRURLZ00wam5EWld5RkU2OGZDS2JvX0ZtdWhkTlFNVGJWdmlQVUF0SVhQUXkzcVY4ZmR1MkNLTS1Ya2hBQ2J0LXN0UjdCbjlISUZrVFF6NDhQQ0pzMmFvQXlKcThJZmhaTUx6V1p4aFhMOXhvV0Y1aVR4WdIBrwFBVV95cUxQN2hMTTlfMGNIXzlqYURuaFY0Z3FMdEYwb19MbndBNGJpRVlNSVYyUlFwRDFYanBnRllaLTFsZ0dxam51alA1amo2RlhiVEN4M0pjWERzQzB0U1g5b19zRGFXbXJLbHBmbVVLaXJNU3BJYTh4T29sLWRUeUM2WGFVUkZSVU0xd1VXREhRNEszSlBLZmJiNURLX0RzVzhJM0JNc2w5RW53Njc1NEltbllr?oc=5,2026-05-03
google_hi_lahsun,2025-10-09,"शुजालपुर मंडी में लहसुन ₹7500 प्रति क्विंटल बिका: प्याज भी ₹1100 तक पहुंचा, त्योहारी सीजन में मांग बढ़ी - Dainik Bhaskar","शुजालपुर मंडी में लहसुन ₹7500 प्रति क्विंटल बिका: प्याज भी ₹1100 तक पहुंचा, त्योहारी सीजन में मांग बढ़ी    Dainik Bhaskar",https://news.google.com/rss/articles/CBMivwFBVV95cUxQODlka3d5TUVkTXZEdlotX0tUOFlXM05neW9HLVl1MkJ6NU1Yb3RfV0JBenhIeTAyS2VEdEFjUVdYSlJQZkFJcWE2a1M5WWlZdG9RLW1oVFE1YzNiNlNZcWFvNVFUMldRVGJpQi1JQVJSLVN4YWJqV0xPRzlSN003ZzJnUnVOVGx0aEhGNndlNV9oc0oxQzJTUzVoSkJDSE5SbDB0dHZNQ1BXZ0gtYVIyRTAxNTdZRnhpSC1ndWJ2a9IBxAFBVV95cUxPNG5qU096emJMelVudlY4NUdVNkNQdFcxVUZtdjR1ZEd6VDhCVXRmS3hfWmRFZTR5REticU5KSkEwSE1qOHVQTHJ3U1dBZENxWGt6YWM5OWUtSDNLTll4TzdQRFdrdzBWeXA0ZkJSWWpWUWRkVm1HaTNLQmpsSU5XRlVLTlNBdUVfMVp3bGdkOGFDNkN1RGlNUHpheE16MG1UaU9DNE5nQUNKM2QyQWdRY3M1QXBvNG1ZdjYyWGJwOXhYeFNU?oc=5,2026-05-03
google_en_china_garlic,2025-10-03,China's Garlic Market to Reach 21 Million Tons in Volume and $28.1 Billion in Value - IndexBox,China's Garlic Market to Reach 21 Million Tons in Volume and $28.1 Billion in Value    IndexBox,https://news.google.com/rss/articles/CBMic0FVX3lxTE9tNUg2V1E0YklkU20tQWdhNGZNOVRPYU9scmR6TGZsQU90QnBwR21zSnh1bHdNSWg4ZmVhZXdoTkRPaG13SC1OalpPdS1yWFBwbS1DS1d2TW1zMXZsQWFhdVF3UGVQWHphT1pzV2xfWUdGX3c?oc=5,2026-05-03
google_en_garlic_exp,2025-09-26,Vegetable Export Trends: Top 5 Vegetables & Markets For Exports - The Dollar Business,Vegetable Export Trends: Top 5 Vegetables & Markets For Exports    The Dollar Business,https://news.google.com/rss/articles/CBMisgFBVV95cUxNQUcxWENZdDBUN3RrTHBwVUQ2Q1h3czVqbVhlVmVmUEVCWTNqQmo4R2xzaGh3ZGNNV0NnaFZMVTRkTUtnVU9tSGw0b2dQV2xlUXU0cFFhTVFPRVRYdlM2R1dRbG1Na1B4UDRqZkVVYUJTQzlMai1fS09SaWk5dlRuT1kzLVhTZXdQYmR2NG92SEtLemF0RXV1SHBrRzdXT1J1WHJWMWxJUXFZZEJyUEduQWVB?oc=5,2026-05-03
google_hi_lahsun,2025-09-21,"लहसुन-प्याज की खेती करने वाले किसान बेहाल, मंडियों में लागत भाव भी नहीं मिल रहा - ETV Bharat","लहसुन-प्याज की खेती करने वाले किसान बेहाल, मंडियों में लागत भाव भी नहीं मिल रहा    ETV Bharat",https://news.google.com/rss/articles/CBMi8AFBVV95cUxNVElaRy1Pa0RBck90dy1sSE1oS3ZqS1dUMmhZSTNPVTVPSmV1c25UQVR2bHV5UnI0RHBWaHdtYV9DM1dSd05La0poYWxtVGVGZlNibjVGT29nZERXSGxzd1czUWxBTEhkV3FfX0hEX1pxOHJKbWI2OFFQQ0dJcVlVczlnQl9rUjZPejhvQ29MSHp4UzV5a0RTWGZhaENiRTY4LWlodU5IbXVDaFduZ2QxYTltcGc3MXMwTmloOUdFbzZkUmR3UFJvbmgtZHhDMERKOVctRC03WkFWTHRfM1dwZGFva0ZXOUFTVEo0UWpwemY?oc=5,2026-05-03
google_hi_lahsun,2025-09-12,"वारे न्यारे करने वाला लहसुन फिर लुढ़का: किसानों पर आया संकट, बंपर उत्पादन के बावजूद लागत भी निकलना मुश्किल - ETV Bharat","वारे न्यारे करने वाला लहसुन फिर लुढ़का: किसानों पर आया संकट, बंपर उत्पादन के बावजूद लागत भी निकलना मुश्किल    ETV Bharat",https://news.google.com/rss/articles/CBMi-wFBVV95cUxPQ0dNOC12LTB2bzN3dm9qY2dEZkU5eTl5YW1DcTV4MmxpcHkxM0NkNXlmLUhwY0E3ano5LUFHNzFjc3hLaVh1ZHY2d2dkS1RuMkNsSWx1Z3NzNThOWU1nSmtTdndPOW5kSEVlSVJYT1VLZldEQkhOaTN4UG45WlVjRHcxbDNQaExOb3k4ZENYR05lWFlnXy1FZmJpQjhRczVoai1CQmNYWWJ5NVAydU1VSC1HREJ3clc2ek9SQkM2cjdUY0tPTUhmcGs1MXMyNEZ0Njg4X0o3bGZQOHRKQXh4dmducDBCMUl3UzBRYUFpdmNFT211czNIYjRkZ9IBgAJBVV95cUxORVQ3bjB2enRvbzhXSGdkcklJU0w1cWhBc2ZOSl82bnBoeVY0NGJXZ0VySEtSZFJFMDVVdE94UldIN2VaSFVUYWkxQkQ0ZmFleXVSNTIwZUpWUm9iejdEMU9PLVQxTFNiUHNYT3Z4cXFBYktySzFlVkVmNFo5dEJENmVicVp0UVNNdFVnVXJpWHVydXlZemtQVmJlZFVBT1JwZGlNYjFKRzJrZ3JVLUpTb1ZaUlB1SjRzVl9zTGZSWEFVNHI3Q2NMa1J4cmpLd2JQWGJ3V3lCMzV2UDlpR1B3US1ndTI1TzZvT2tkcTFrSDI5dm5ndEp4SnNXRlJVSkt2?oc=5,2026-05-03
google_hi_lahsun,2025-09-12,"Garlic Price: मध्‍य प्रदेश में लहसुन की कीमतों का बुरा हाल, इस मंडी में 50 रुपये किलो बिकी - Kisan Tak","Garlic Price: मध्‍य प्रदेश में लहसुन की कीमतों का बुरा हाल, इस मंडी में 50 रुपये किलो बिकी    Kisan Tak",https://news.google.com/rss/articles/CBMiwAFBVV95cUxPVE5TZS1NY2tLRi1hZF9MOFhpZnh0VmJwUERNZG1YdGZfMGJSdzdwMGVrSVZLTnVpcUNQdHJHWHNwVmhWTVh6NlVaS3BQRlkzRWJFSmtQUVZMblFWZGxweHFBd0pRNmNxajNock1rYlhnRDFPTVVBeExkM0NLQk5PaDFxUlFyaGpCZ2w2LWZITTA1YkV0WDVlVGpHWm1mY0pBLXEzUVVHLTYxclYwWTZzSXcySFozbkNOaUlGRDVtaFPSAcYBQVVfeXFMT2VYa2RpTmhqeHQ3YUt4NGtseWJhSm1lTlVlS2VNc0hXN3dDRmtUUWltejRaLThITnBmaXhFQ2Y3d3pEaU5laGVRY1ZOV3F0THZtX2VIT0k4eDBpTmtObFQyUVhlWFpfYnRaU193OERLdHpKMDZxdnVEZ0NBVkp3V1pIaFdjZ1dGa0hpcm1jc0thMVZPcmdONmdVS2E0OFVaMTVpeFNxRFdZWjVFbFE1ZlU4UThnOEl4b3k3ellhTm9iSWhYbEpB?oc=5,2026-05-03
google_en_garlic_exp,2025-09-08,Mendoza's garlic sector approaches the 2025 season with solid production but uncertain prospects in the Brazilian market - FreshPlaza,Mendoza's garlic sector approaches the 2025 season with solid production but uncertain prospects in the Brazilian market    FreshPlaza,https://news.google.com/rss/articles/CBMiigJBVV95cUxNVklIbjZVcE5xal9tMngwNVd2a2hUNFFzaXlHVEE0U1hFVElKTUc5OGt4eW5ZWFdXaUdQd1p2RHNKUm4wR1UtbTE5TFdTQ3NvdGlEa0VfWWZzaHB6Nkd0QzFjR1pzSV9ZalBfZGVLMU5uNk1IX2hhOVkxdUt0c3FnNldXX005MDZlT2FiMlBUay1tMUxoRjNrWWlMREl1ZEhuSURLbVlpdlRBbUZidDBXNHNCZzZ2MTlWRjR0cEg3Wm5PYWt6SElSV0V6OUlJbTdPNlZqWDk0ZmgtR1dCdUNJaHdFb1BPal9kNFk4NFhFZGlIbmw5T21BaGVCTWFEWjBlWmhUZHhqdWVBQQ?oc=5,2026-05-03
google_en_china_garlic,2025-09-05,"“It makes sense growing ginger in South Africa, but not garlic” - FreshPlaza","“It makes sense growing ginger in South Africa, but not garlic”    FreshPlaza",https://news.google.com/rss/articles/CBMiugFBVV95cUxQWFlUTTNmMTk3YUJ2X3FPUm5HNy1KWDA0ZUY4VGNEYkd1dTNvN0xmMndvbG5ncm1PRGN6NDlHalI3V3hjNHFCcldROW1HRklrRHZyX1M0cUJXVExPZFpSWWR6ZlU0d1MxOU9uMlYtdnVic0l2YTlkWnA2dkF5WWlhUzMyckliTzVzdjFoS0tEOGlvdlN6NnpRTWVtdGFYYmZLSjRsYmttaEQzWDF4Vk9YQjVtQldoVjdFM2c?oc=5,2026-05-03
google_hi_lahsun,2025-09-03,"सब्जियों के भाव: मंडी में टमाटर, प्याज, लहसुन सहित सभी सब्जियों के चेक कीजिए लेटेस्ट रेट - Moneycontrol Hindi","सब्जियों के भाव: मंडी में टमाटर, प्याज, लहसुन सहित सभी सब्जियों के चेक कीजिए लेटेस्ट रेट    Moneycontrol Hindi",https://news.google.com/rss/articles/CBMi9AFBVV95cUxOMU11d3VOMURuVUVJOEFSQ2pLdEY1ZURBSXU0SThmVUhYelZ4dlJuWE9vbTBrOXliUmxxam1qTlNaZGh0QUhubHZ2cnpEVWpzYVJRekdFd1dDaEN4NXk5azBNT3VVQWZxTGRfQXRQVFVvbC1mdzVfZi1QMW5OY1BIRkZaN3lELTdwWHNhejN5a29oUkw0cG9ZcFNhcWtlWHd4VkR1b3ByaXVoNmpHbWJfZ01PaFViVnZuT251STk3TXl3SnJCWVRmU2U4UHZNNXdBSkJSX0hLcVhiWUMwdnlpQzJsQzhjVHhqRUtQOEFhMnlrLVM30gH6AUFVX3lxTFB1d3NnUElST2o1TERhcWdRN3A2dENsRTZieXNLbl9QX2R1Q1FxeTMxbkg4ckZWWmFTcm5EQ3JwOEtGTkZrbjZFVmE0cHliWm5PUnRvb054eEZsT1hkQUZDbWhoOEU5Y3dOdG16WFpwczN2SDlyX083Vk9IdGRBTGVUQVVLV0FNY3JMODQzZl9KTUVzTU1WWmt6YTk4dl83RU5iSW5ORVZEOEg4empwYWptbVlZRHFyQ2tHdElCVEtfY2NHckFCRGlNRjNoYjZBbDJwd3JUaUc2V3NBQS11emFsR09lYXpMNmZXb0h2NWFQYWtOME5DRnFMZ0E?oc=5,2026-05-03
google_hi_lahsun,2025-09-01,"Kota Mandi Bhav : सोयाबीन, चना व लहसुन मंदा - Patrika News","Kota Mandi Bhav : सोयाबीन, चना व लहसुन मंदा    Patrika News",https://news.google.com/rss/articles/CBMimAFBVV95cUxNa1BmUWFUekNLRkZpRDVBTHNZczEzdFR5c3djQXpfVmhSUUcyRFFTVmoxT1Racm9WdDJpTUJ4UkxGV3V5cloyMzZhWHdfZURYTmctQ24tV2FBLVloLVNhdEl6UUUzakhONEkwZURXQzV3LWtkN0NuTUppaWU1MTlXZ0VxR2dVR3JWOW1qZlBCYUNZXzJVa3dibNIBngFBVV95cUxQQ1piTVYxX3NUZXVlSXVsNmlUWEY3aFQyQTRMLVRDQ05PWVRkOGlJdi1PWlB5YXlSV2tSNEFrYTlDTE41TEJBeDh3M0lLNGdzZFRWa0hhMFRHbm40cGE1M0Z0bV9TZXFyZkhJMmN1UXF4ZzJxMC1CZHU1bERCOGVub3I5QXh5ZGhxRUdBN25MNlFKbE40TmhGVWRGU3J5Zw?oc=5,2026-05-03
google_hi_lahsun,2025-08-19,"मध्यप्रदेश में ₹9353 प्रति क्विंटल पहुंचे लहसुन के दाम, जानिए 19 अगस्त 2025 को किस मंडी में क्या है भाव - Krishak Jagat","मध्यप्रदेश में ₹9353 प्रति क्विंटल पहुंचे लहसुन के दाम, जानिए 19 अगस्त 2025 को किस मंडी में क्या है भाव    Krishak Jagat",https://news.google.com/rss/articles/CBMi9wFBVV95cUxOUlVuS1lvVXR5OFd6Q19oMjlBekE4U0VhcXFIWTZnSldWOFc0YXNyblVRWFhNdklUWmZfN2pucklKdFFXdWZtN05reTY3c3dkS2l5ZDNTWFdoSl95bDJ4OXpiQTF3VzFvd0FWeTBUVTlBaXB0LXYzMGdOc1l2ZnctdVRuTmlhRmlSaGxhSzV0NlRmOG9fWHBzSVd3YnJDNmkzcmQ3MnJkV1VVQmF4WWUtaG0wVmthT3A2TzBwU2l3b0UyWjFYcTMwQUxYMHZudGQ4VWhTdnpiMzZiOVZqZWFQNkxDUU9tQmRlYlR1YXNjTDExTS1PWVFV?oc=5,2026-05-03
google_en_garlic_exp,2025-08-19,Top 10 Products India Exports to Russia FY 2024 - 2025 - The Dollar Business,Top 10 Products India Exports to Russia FY 2024 - 2025    The Dollar Business,https://news.google.com/rss/articles/CBMipwFBVV95cUxNSUM2YTRlaUVPS0ZCVTFfaVZtZFk0STdwaUNGaTNOa1hoYTJTdkZfdTkxUmMzcDZvb1pfbTl1R2lvRXFOUVZxb0VTbjdyRUtpMDJzNGNuSThLTFgtVklfN0N2UmMxZzdwLVRndGdDLVJVaWIyZFk3RWhaaVlKdDQ2OGk0ZFBuY0tVdHlnMFBlSU4xTWNZMVZndk9aRTlLX1ZySnRZWXR6Yw?oc=5,2026-05-03
google_hi_lahsun,2025-08-16,"Garlic Price: 14 हजार रुपये क्विंटल पहुंचा लहसुन का भाव, जानें 5 राज्‍यों की मंडियों में कीमतों का हाल - Kisan Tak","Garlic Price: 14 हजार रुपये क्विंटल पहुंचा लहसुन का भाव, जानें 5 राज्‍यों की मंडियों में कीमतों का हाल    Kisan Tak",https://news.google.com/rss/articles/CBMi2AFBVV95cUxNakF1alhnUktJV1dGZVBuZFZBY001d0J0b0hJdmFWZjhEX3g5R0RtZkhRTE9KZnhzLTF4UjdKcEtYRjJMSEVDY1YtWVVORi1RRDBjM2ZvLUFReG15eHJwV0RaRVY2X0xQU2RKWkxVZmlNVTdoVk4tbkJTZHhsMHVady0wdHdLQzNMX2FxQm1YYk9uUjRUVXpZclJ2d29XY003a2hBZ2VPRkloS1lNUWdKX1ZQTFJCZFVoLVJLcDdoUk9yYWhNOUVSanZxRUFNSzFYR2t0ZjVyRmvSAd4BQVVfeXFMTmRBT3dvXzlIaENUZ25IQnJjOHJIWllnSnl2eXFvb0NXQTMwd1hZMzl0TFN4a2EwdmhtdEdrVEJtdnZlQUVWZENYT2Rxdjk4NUFIeHNnYm1xWHhGRXlzcXNVcmdsOUloLWhpbmx6OHBMRTBoS043UkVlQ1BURWNGMlR3X056RUFTWWRDek9wQlI4eTRSLW9HXzhxVVE4dnFydklaMGMxNHJQelBXVnUweFBCODMxTU9PV0tXVzYwWDVRWlBQN2R6S1AydmNfSzd2b0xOWUh2M2tTRTVMc3p3?oc=5,2026-05-03
google_en_china_garlic,2025-08-12,"US-China trade tensions mean cheaper onions, garlic for Japan - Nikkei Asia","US-China trade tensions mean cheaper onions, garlic for Japan    Nikkei Asia",https://news.google.com/rss/articles/CBMiqwFBVV95cUxQeFZUVFpQMDVCbUgzMUhLZ2syLXdsSjdtWkdST1BrLVVRU3FlNHhMbDl2YVJfbHFBS2tLcWNjRnI0Q3N5b3BPMjkyYlFOWWZFanZURjJJclVabjZNTk95WG1NTUhQdi1KUEs5VnRRaU81cFVzTjhTRUlQcGpVT0VxUUhDMVUybVBaajB3dFpaSnRsTDVZdV9uMlRsV0ZQd2pTR2o3dlVnenBobVE?oc=5,2026-05-03
google_en_garlic_exp,2025-08-04,"Onion, potato highest imported vegetables in Goa in 2024-25 - The Times of India","Onion, potato highest imported vegetables in Goa in 2024-25    The Times of India",https://news.google.com/rss/articles/CBMiyAFBVV95cUxOb3VtU0xTaXpYZDNuTnlsc09lLUpWZEhGVDJCN3hoWkM4QnFDbUhVQXNBU2JKVjZ3THc0UFBSdklaZGJVMmtEWjhzeHhzRTE5c0xHRXVjOEFpVXZmSkF0azRlUFNlXy1VWExnRWNIM2drRTl2aEpqVEEzX3NUeVF1azlobG53a3QxZjR6TTZtZ3pLRU5pWUJ1eUdMZmRuVmRGUFVkSmJrV3pDRFp0UVUxZmxnMlN6UzA2VVg1SjVfMXpHaU82TEo5cNIBzgFBVV95cUxQQ0lhZ2dHbU56ZEp0dktadnRZSHRpcUppV3hvU0J0bWFnR0c1NUh0Z3NPaEJOel9nckdLVTFaN0FZS2JRUDY5VjZtV3FiczF1cTduRzhzMWFDZnVTR1NuT2prNFBxMDV1ZUE1UkpPY0lOSUYza3J1UHhFZTVndkdJN1NfOW5VbGJwWW1sMDFqRmtsWTJHNy1YTC1sQzB0T2dCZEQ2b3hVejc3VEJ2T0JtVzNuMkF1U19fVXFpb0NycFg5MjBrajR5dXhoQi04Zw?oc=5,2026-05-03
google_en_garlic_exp,2025-08-01,Top Spice Importers & Global Spice Imports Data 2024-25: Spices Imports by Country - TradeImeX,Top Spice Importers & Global Spice Imports Data 2024-25: Spices Imports by Country    TradeImeX,https://news.google.com/rss/articles/CBMiiAFBVV95cUxQVVdsaUxzMXpjRzBCdUdNVWszRW5iMjBQczR2Q1YyOVBqYXliRGVsajBXLU0yNlQ2RlI3c3I3UVBNVG4wbjJsUEJZV3UteEJzTDl1cEpLZVpicm1nQ3d2V3lIZ0Z5clljb19IWEdaN3VET2FReTMxczI2OWV2RHg5a3doSTFDdFE3?oc=5,2026-05-03
google_hi_lahsun,2025-08-01,Garlic Price: किस मंडी में है लहसुन का सबसे ज्‍यादा भाव? जानिए 7 राज्‍यों के ताजा दाम - Kisan Tak,Garlic Price: किस मंडी में है लहसुन का सबसे ज्‍यादा भाव? जानिए 7 राज्‍यों के ताजा दाम    Kisan Tak,https://news.google.com/rss/articles/CBMi0AFBVV95cUxQY1hJUlBaWUJXVmZpdHJLeWsyRk1PRjZKMTFiQzQzS252a0ZUSWtTclFwVmVtYjFxeEZFMm9PajhtVzUwcVVvVzBnd3Q3NXdtWGhrZWlEalZESEpCM05PRExOUWNGSmVpQ3JUUFBjQzBhY045dWU3UTZDY085ODl1QTNZUHZmbDR3bUg2VkY4Q01pWmN4cG42RkJiNVB1alJ5UHljeFhlUHdxUHJwTHdaaHNNN0hEc1U4aFNONGZFdWRNcFM0Qi0zV3Q3MjRfTHpx0gHWAUFVX3lxTE9xRlFtR3ZxenNDUnpza2FZRC0yMlBpTzdqRThyWDh1VktNVDhzZUpSMTVyZVU0VkhuSmhPZHVua09wTW9YQUgxb3plMEdGdzg0alFDZUhVcWZab0V2cnJZRlVrQWk5T1JoTURacjUzSVo3d1Z0VFBFRmQzT3Bmd1lNYjB1WDh4STZ4M1daTDRQNzhPSl9rLTk4a2lTTlpXdEVtNzYzcEhyWEVKOHNWVXprMDlSaU1IQ0kyei0ybi1KbkFUU1dONks1OElkOXJ2SW5oVGg2WlE?oc=5,2026-05-03
google_hi_lahsun,2025-07-29,"ऊटी लहसुन बीज की कीमत आसमान पर, मंडी में लहसुन के दाम ज़मीन पर – ऊटी लहसुन ने बिगाड़ा गणित - Kisaan Helpline","ऊटी लहसुन बीज की कीमत आसमान पर, मंडी में लहसुन के दाम ज़मीन पर – ऊटी लहसुन ने बिगाड़ा गणित    Kisaan Helpline",https://news.google.com/rss/articles/CBMiiwFBVV95cUxPS1lpb1VtbjZtNWl0ZFFDalh3UWw5N0piX09tLUdmOFAzSGktZllzRjJILVNLTFNNTWRhOWNObUlqVFk1MGpKN3pqS3BmUzdzNTU5aWU5Um0xUlpWVlJNc184Wmh0SDlScXltNWZMSWpsVU1oZ3JJSl9DLTg4aWExX1NWVjJfanZOeEY0?oc=5,2026-05-03
google_hi_lahsun,2025-07-28,"Garlic Price: मंडी में कैसा रहेगा लहसुन का भाव, अभी दाम में गिरावट की बड़ी वजह क्या है? - Kisan Tak","Garlic Price: मंडी में कैसा रहेगा लहसुन का भाव, अभी दाम में गिरावट की बड़ी वजह क्या है?    Kisan Tak",https://news.google.com/rss/articles/CBMizgFBVV95cUxOTjljemlueGFSV2hjVlU0LUxNenh3azNtazlqd1ROSTgzRkN1TG8xR1pfMHV4MV9nY3dhU29rUGZSZklfandBYWliTmZfQmFiVTNHVmtCdEYyaVl2bVhxNHZDYm9ReE5FZi1ucUNGUXdGQ2F6c3FFbEZhYzhzN2JvVXJVNVppRUNRM2JmLXRINko3cUlkRlRFczVfOHQtSFg2Si1scWRzLVpmdnYzZUZUZkN1R192bVRtVHI2XzltcTkxMER4OGFBcUdRYTAtZ9IB0wFBVV95cUxObFBUZm9zZWtJNFZGck91MXBnQ29pU2RqclJGNW8wQXM0WkNCQkRiUlNPd3pXSTB0Mi13MWJEZkJidTZCT3I0YkxuMUtLdkFVWDJaenl6MUxfVWVRWEFsaEk4aF9Sck1sZG5ZQXBNa0paZUFQRjVWaHNGb25reThPRDZxM1BTd0ZLcGpmYUN5QV9RakVUa29PcXZnMW01d3V5RGFLZnNnTjRZQk5IODdDVXN6THJSdGVXczlRdWtGc1dBS1JEdWVYZ3RVbEE1cFh6eElB?oc=5,2026-05-03
google_en_garlic_exp,2025-07-27,Press Note Details - Press Information Bureau,Press Note Details    Press Information Bureau,https://news.google.com/rss/articles/CBMieEFVX3lxTE5TNU84bVZ0QmVoQVFUTFZ4T3Q0X3JPSlJNc05lRXd4SUZ2bnZHek5yXzZVZ3BBYkZlTnY1SkJKNWlzWlplRm9VWnE1Tl9pLWFUU293eUwwZU1RTmh1UVc3WmRVWnFJYVh6Q3VBakZCcFNvRHpsdWtGTw?oc=5,2026-05-03
google_hi_lahsun,2025-07-06,"देश में लगातार घट रहे लहसुन के दामों से किसानों की बढ़ी मुश्किलें, सिर्फ इतने रुपये ही मिल रहा दाम - Jagran","देश में लगातार घट रहे लहसुन के दामों से किसानों की बढ़ी मुश्किलें, सिर्फ इतने रुपये ही मिल रहा दाम    Jagran",https://news.google.com/rss/articles/CBMiwgFBVV95cUxPcHZRSGtST0pyanpSa0tLTHMzWTA1Tm43NGlaT3BWblZ3OEY5S3hLWXplMTlVdXdvdFhRWE14NUd3TDBYY3dPQ0VfZWNvWmNDU1pNNVprQ05Iald3RWpLUDllSVlHYi1XNUx5cFJhOGRrTHJYdDRTQ0lvSHExdGI0NFhpUWdVSGQxTTFqVHE4dnY0eFpJNTVCeklvanlCNmtzWXc3a0lldXdJd0Vub09EeEpzdDJBUlJhcHJRLWZYT3psdw?oc=5,2026-05-03
google_en_garlic,2025-07-05,Madhya Pradesh: Congress Leaders Interact With Farmers At Krishi Mandi In Mandsaur - Free Press Journal,Madhya Pradesh: Congress Leaders Interact With Farmers At Krishi Mandi In Mandsaur    Free Press Journal,https://news.google.com/rss/articles/CBMivAFBVV95cUxQTFJDeGZRNzJBeGZNc0NabEhEaW04Z3c4MXVveDMyYzZxYnRSa05xUy1CLUk1cU9VYm5TTFdWbi1lYlhRQ3pLMjhtYTNQRk9oTW1YVTJrV193V2tjSjNGRlVqRmIwOVMzaUdKM0hjZDRRclNOUUxQWVk2VURpUVdzb3VPc3BDajVCaG4zMi1MZG5iV0ppcDJCMVRBejZMLVZQN0dEeVVjYk1ydmVNYm5Oak4zOEFDdTdrT0h5NtIBwgFBVV95cUxOQ2VEUDlDQS1aUGttT3B4WEhhXzdxT0E3eW8wZmhJQWJwQVRoME5yUWhQSGU4dDEwM25KVmlQR0hxTk9QcmxhV0MwVmt0S2ZxTWZZbmU4Z2lPeGFHVF9PVndxeFE3NVpGbVZ6SDRmRTlfWXFSOU85LXFYS0tlRlhYdldocHRjbm9zWVdhTHExbTd0b3FoY3l5ckQ4QzFLWjJQc3RVV3hUcWxwSHRfUUJMYU5tTlp6b0V5U3A4Q1V4OHB6dw?oc=5,2026-05-03
google_en_garlic,2025-06-28,Wholesale price of garlic in Madhya Pradesh lowest in last three weeks - Global Agriculture,Wholesale price of garlic in Madhya Pradesh lowest in last three weeks    Global Agriculture,https://news.google.com/rss/articles/CBMiuwFBVV95cUxPNWYyMWxrTGsxQ3NWNmpjYnBFaGt5R0pLTml6WDZveW9oVkFtYVpqNDNyUnJ4bG5xbzljekpBS1pLdHRySVUxZnpsY2c4RGhBdTFhdDdOZGY1M2tWcFl4WDR0cHUyU2NJd3JvcWZLdUlMb3ZHSlUzbXZaVC1BeFdjbUgtZFZqQzFfWndTZEp0QmNhSHpzZzc4Xy1qWEtxUERJZENCOTNSblNfZUpxUU9PUTZuRnVXekNzU3JF?oc=5,2026-05-03
google_hi_lahsun_mandi,2025-06-25,"बारिश के पानी में बह गया कई क्विंटल लहसुन, किसान परेशान, देखें Video - AajTak","बारिश के पानी में बह गया कई क्विंटल लहसुन, किसान परेशान, देखें Video    AajTak",https://news.google.com/rss/articles/CBMiswFBVV95cUxNVWtnRk5Tdkd4VUN2bEF1cXFHaHJSNmVmd2FpczM0dlhqLV9ENmRPQ0U2Y19SVjlyZFNzZV9HT1VIdkthVmVZWDlnVTVJT2RVNkNlUl9wbEpTeXVYaUwxaVdOV01wZnAyMnRnbnQ1cVR0T00xVDNHR1ZjbHBtVXZhZ2lBTUEyTzhpazAxWFloVkd0cXVYSGVNME5CV3o4Wl93N0NMVUlzZnVfcmktMG1oWlQzb9IBswFBVV95cUxNVWtnRk5Tdkd4VUN2bEF1cXFHaHJSNmVmd2FpczM0dlhqLV9ENmRPQ0U2Y19SVjlyZFNzZV9HT1VIdkthVmVZWDlnVTVJT2RVNkNlUl9wbEpTeXVYaUwxaVdOV01wZnAyMnRnbnQ1cVR0T00xVDNHR1ZjbHBtVXZhZ2lBTUEyTzhpazAxWFloVkd0cXVYSGVNME5CV3o4Wl93N0NMVUlzZnVfcmktMG1oWlQzbw?oc=5,2026-05-03
google_hi_lahsun,2025-06-24,"मंडी में लहसुन गीली, किसानों को भारी नुकसान! कमेटी पर उठे सवाल - AajTak","मंडी में लहसुन गीली, किसानों को भारी नुकसान! कमेटी पर उठे सवाल    AajTak",https://news.google.com/rss/articles/CBMi-wFBVV95cUxNQjNLZ2NXcHVsZkplTU1hRTlXdkR4RXFYaG15WjhKM3g2djYxRjd2LUhqX25UY240NW5XV2IxMkpyaFRHUjJmZkc1dFNUUU8xVk1JWnozckQ5YkVaSmRSZTJIMUsyaDc5dkNGQVpCdk5hMTVTSDh0RWJfMFVLbVFtTllPOEhFQkFMMGJQX01SX1BhNTFtUHQ0bFo2cUFtWmJ5WEpQbkhaT0J6X0pmYWN0Zkcwcll3NlhzSUZjdEF5V1MtbjZodFJXVjV3cWE5bkY2S2FKN01NYmtPdGlub2liUjJZVm93a0lZLWpFWHlmNE1wYS1tNFlnSDBJY9IBgAJBVV95cUxPdHotbUVhSVd1aDVMbHBFLS02SGFTMjJjbUI1c0c3Ylp6TXNIMXFWYk1oU2FpR215STVVTDVSUXg3Q1VxRjVwQ0g4RkJhQkt2ZGY0T1hoNmRKdkQ1NHhhSGVUaFlOMDYyM0NBRjdlSUJsb0FWQi1ya29RZEl5d0syLVRVTFBsOWJ6OGdBRmZpbUtmREtyYkV5Qmt5VDM5bDZuaUZRQTV2U3owQUoyc0tsVDdvUDZzX2RPakdmRDZ3QVM1Z1JrSHBXY3lYTVBzTXZjS2x1NnZSdU9TLVBPRkUtRWJwWDJnamY1M21zSWdlRmpsNU9YckN0VDloN2hWTGxt?oc=5,2026-05-03
google_en_garlic,2025-06-24,"After a drastic drop in garlic prices, Gujarat farmers distribute garlic for free - Global Agriculture","After a drastic drop in garlic prices, Gujarat farmers distribute garlic for free    Global Agriculture",https://news.google.com/rss/articles/CBMiyAFBVV95cUxQS2c1VmFQV0dVbkJaTGQ0Wk9yQzNBQlRKYU1mMURBSFpEY2JUcE85cVMycF9waTAyQlhXWGFfclpKTGRWNUFMRUsxTjdfTVY5SGhNdHREU09BQjlhdDdrODlKMGpnSUp5UXFWUFRYTXRHZkszRnk0X2hxbHI5NTBLZHV6RWczTkdRVkxrNVZVTlh5Z1NjM2NGakJ3WUJBUFR0UExEZ1pTaGhVSlAwZVhCU0o0X2lPWjZ0RjVkRjlPSDhCb3ZxTnlkMA?oc=5,2026-05-03
google_en_garlic_exp,2025-06-20,"""We are looking forward to the first good garlic season after three difficult years"" - FreshPlaza","""We are looking forward to the first good garlic season after three difficult years""    FreshPlaza",https://news.google.com/rss/articles/CBMi1wFBVV95cUxPRzNTV0lMX0hnS3RqcGFpbGs1SzJEc2YyRnJFcGp4cjBYOUFWUHNtZXZRMG5hRlJzTGRNTnRjbjVFUlFpVndacjhJbTB0TTJlSXRnX29BdUw2VWRRWi1jb25obml6TDlFM0RscUM3a0t1Wm5GS1l0czYzSlQzRTZieTByUWl1R0VpVHlwRWNpUExmZG1iUlNsc1lBSG1UX1pXelVkUC1ES3hYdkNDeWxDM0g3MmI3Q1BLMDZkejhwcXh5YTM4bFE0bmRHbHpTVDNtcjgwUEdndw?oc=5,2026-05-03
google_en_china_garlic,2025-06-19,Pricing stays strong on garlic thanks to tight supply - FreshPlaza,Pricing stays strong on garlic thanks to tight supply    FreshPlaza,https://news.google.com/rss/articles/CBMisAFBVV95cUxON2doOXNxcHZwVW5OMXFMRFVkNWx5eE5YNGNCV1BVZnQ4NnhTX1NBdGtEbm1XV241X3pFV040eVFRNVhnNWlvSElseTZsQm9KOGVTOGVmYlIwN2VZekxKanJxYm5KYnhmdU83WmVWVjBVdVlsQnBuUnhHSHdaeDd3MHA2cXhZQmpmR3hwRWtkYmozLTgxRW5zRENHLVZxYk42Yld3QXJJNlBNMHprYy1aZQ?oc=5,2026-05-03
google_en_garlic,2025-06-19,Farmers of Madhya Pradesh burn garlic brought for sale at Mandsour Mandi - Global Agriculture,Farmers of Madhya Pradesh burn garlic brought for sale at Mandsour Mandi    Global Agriculture,https://news.google.com/rss/articles/CBMivgFBVV95cUxQaG55dmpsVGpOaUt2TmQzZ0txYThyRE1uYnNOMDNfTkRUYlVicFV5SjdHNkpyeEpjZGRCNWw3bjlNMzFxbnQwWWtCYzhteU5wd1Q5UHc4WUllNVNzVHBiakF5d2ptdVJTRnZlaHpCMjhWV1ZjYXJ5bFVlS01jcnlGRkgwVHBMT3ZWbHR4OUtzajEwUnFMRlhGd21tNG1ldU91RzJnR1A0dXF5NVptZTdWZld5RTJWYnd3OTgzWEhB?oc=5,2026-05-03
google_hi_lahsun,2025-06-16,"Garlic Price: 10 हजार रुपये क्विंटल हुआ लहसुन का भाव, जानें देश के प्रमुख मंडियों के दाम - Kisan Tak","Garlic Price: 10 हजार रुपये क्विंटल हुआ लहसुन का भाव, जानें देश के प्रमुख मंडियों के दाम    Kisan Tak",https://news.google.com/rss/articles/CBMizwFBVV95cUxQNlpqQVVNTjZTb1VaT1UydXNhaUhjU05kVlZENl9JaEtjalpfT0dKRTJHak9WbHZLV3NieTdlSzQxeWlkOFJkSUhYYlJ0N1RHWWs4OTBud3E2aWhDNmEzbjBjbDdHcEhjSWg0NndTbUxwNkFoeUZ0elhtVmxYOGdZTHZNbmRiSDRkazdJdnE0WlBaWXdtNzM0SWFQX0hrMHQ0X0VNWm9WTVlELTlnV1ZmdkstU0YzNGtkTnN0RFRhY0xYenpfcmtBdU1OWHZCN0HSAdQBQVVfeXFMTVFyZ1ZFQ1RuVC1hWU05NGt5am9YTWhMM2dSNnJZMVc3ZlpRdFp5UWRUNUdyS1U3QTdtX0hwRG9LN3VTZFFDV2xoWTFObnM4aUZXdXlPS1Bmak43ZDF4ZTRPVE9UVkw0azdWZkZ6eDJFa0Uzd2pIYmZtYjA2bHJVRzlUdVRYZWRCSlpoNi1tYXdUWnMteXNuOFRXcWQ2TGhtTnFaeExMZmhDNG5maU1HRzZ4VDAwX2V4M2NkNnpPa2FhSnJXdFgxRnBmSDJJclFtczdRRkY?oc=5,2026-05-03
google_en_garlic_exp,2025-06-13,"Kashmir Farmers Achieve Over 28,000 Metric Tons Garlic Production - Global Agriculture","Kashmir Farmers Achieve Over 28,000 Metric Tons Garlic Production    Global Agriculture",https://news.google.com/rss/articles/CBMiswFBVV95cUxQN1BhT2NwR003UUZiMWV1bC1iZ1RtZVBrR0U1Zko1TzU1UExvWEdKc3ZtWERyWDFHbktwaGlEMXFGRUFjNktIVGpIcmlQdWtqZzV6WEc4MjR0b1lob2xEa0lOcE5pNElHMkNwdlVxUnVPR1ktV19mRjBOd2JzY0VsSHY1Q2xVc2ZKLTltMGkyVUJVVmtEWExNRWlHNWo5cWVjN2l4MFowZHlOdkVjd3F0cnF4NA?oc=5,2026-05-03
google_en_garlic_exp,2025-06-12,U.S. tariffs impacting garlic shipments - FreshPlaza,U.S. tariffs impacting garlic shipments    FreshPlaza,https://news.google.com/rss/articles/CBMinAFBVV95cUxOZEUwOUVCX3B0QlhzaEMtaWgybElGaXhhZzdOZTJfT1czUG5obU9zSUVqbDFFMHlDU09yVldLZ2pwMnl3bUM0UThYZWUwMW9aSnJIQ3NuMUptSER3UURzU0pPbm9pOTVLaVpmTHQxb2ZkOXAwTXVvQ1pzYkU0UVhyN3FnTlJGX05Rdmk1b2V2SFRIOGpPR19OR2t5MXc?oc=5,2026-05-03
google_en_garlic_exp,2025-06-12,"Chilean garlic is on the rise due to Mexico's deficit, but China's supply is putting pressure on prices - FreshPlaza","Chilean garlic is on the rise due to Mexico's deficit, but China's supply is putting pressure on prices    FreshPlaza",https://news.google.com/rss/articles/CBMi8gFBVV95cUxNYjJIREt1LUhfd0VFX3g2bkhIWjhkYXVGbi1YX3pQT0l4UjlubzRHODZrSUFmRjZQSHIxNVBoc0tackxOd1VWb2pieFZ6a19DSk8xS1hjcnFpUk9GMWx1VW5ybms2UmI5Vkk1MnhsaUZhbzQ5NFllXzRnTjFNNnhxRHA2NEJlYXEtYkRHWmZMdUh0b0JEXzgycFpLcFBiaGV3QkFKR29JVEtjS2JBOTVZY0dhajctalBUMU5ab3BKV3hWenRlcDVhMVFBckZCSEFoSE9fa0FvM3o5N0FTYUVUbkM4X3k4bGtFM2JGNWhjWnJIQQ?oc=5,2026-05-03
google_en_china_garlic,2025-06-09,"""Garlic nears the peak export season as rising sea freight rates squeeze margins"" - FreshPlaza","""Garlic nears the peak export season as rising sea freight rates squeeze margins""    FreshPlaza",https://news.google.com/rss/articles/CBMi0wFBVV95cUxNcFhwUVBzNUxmQWtyTllUWE5QWDdGU1ZJbGlQRHF0TnRoemsyZm5ONl9wRU1vaGx6YWNxaTY5c3pTT054RjMxM2QwU3RsSmU0Sjg4am9od3pxRUFqRC1LMW1Ob09sbERadFJ0OFBreTFIWGF2X05qRF9McjlTZVV3RVVTVE13ZXk1T0RVb29GT3VWN2RUMXd6M29oWUhEZzFJUUdHMV9paGRKenA5Z3pBZzZHS0I0cElqQ0oyMlpaRUEzeW5SN3B3S1J5VkFkNzhtdTZv?oc=5,2026-05-03
google_en_garlic_exp,2025-06-06,"China’s garlic production rises by 30%, making it difficult for the market to sustain high prices - UkrAgroConsult","China’s garlic production rises by 30%, making it difficult for the market to sustain high prices    UkrAgroConsult",https://news.google.com/rss/articles/CBMiygFBVV95cUxPSXJXLXY4eFBsc3lWTElULWdoWm9Xa1ZjbzdnckZiRGpKVkFhZnNXeGl3R3YyZ1FaWkk4QUNoNUVjUGpJRHRRQU9GLUhXbkt4aURhY1BUdXRRVkN3bjJONmlZclNDeDE3VDU0NV80OUJ5aVNLNGJ0a01WWU03Ujc0emEyTzdoN3o4WDMtZ09lQWlkcVUyemNNUFdTLXljS3U2S2tVems4RUFIRllwVDFjVXdBQXl6czNBb2xzQW9XaUNLb1YtQ2tSQ2ln?oc=5,2026-05-03
google_en_garlic,2025-06-02,Onion Mandi Prices Crash in Madhya Pradesh: Farmers Unable to Recover Even Transportation Costs - Global Agriculture,Onion Mandi Prices Crash in Madhya Pradesh: Farmers Unable to Recover Even Transportation Costs    Global Agriculture,https://news.google.com/rss/articles/CBMi2wFBVV95cUxOR2RkTXVXVUpRVU96c0tDNzQ4NVdkaUJfb1FrUDI5MHdjaHk0TldUUG9PdmFpUDNUdFp3RzlaMUVLdDZTUkNiZUpYNTFaUGxoOFd4TE92MEVnSGNzT1hScFA0cUt5eEgwWmd2XzhsMHE5NDNQTERNdlBGNUhYQ2QzNDdVUDJ0OG42YnJUMTk3LXFhd0RKUExkMS15VkdsYV9hTWhIb2FpaW5YTmtoM3FEWlFOTnBDSDRySUNqX1dabUpXUm5reUMyU21SYWt3M0l0bTMtZ21JOGg1d3c?oc=5,2026-05-03
google_en_garlic_exp,2025-05-12,European Union's Garlic Market: Expected to Reach 433K Tons and $1.5B by 2035 - IndexBox,European Union's Garlic Market: Expected to Reach 433K Tons and $1.5B by 2035    IndexBox,https://news.google.com/rss/articles/CBMif0FVX3lxTE9YblNfcUlVd0ZyQ2hMMnBmLVVIWDViSm94cVBtTHgtY1ltdndpWVA3VjhfcHFFYzdZQUxFV3pNaXhXQzVjRDZESU85cmhCdnpGel8wdUh2Z0d3Y0c4d0d6anh4UTV0NGFISkJDYjd0YlJHdVUzSm1qb0NwaGp6X00?oc=5,2026-05-03
google_en_garlic_exp,2025-04-30,Peruvian garlic exports fell in the first quarter - FreshPlaza,Peruvian garlic exports fell in the first quarter    FreshPlaza,https://news.google.com/rss/articles/CBMiqwFBVV95cUxPWHQzOVIzcUFKako3ODRsNVBWZ0dkRzhDQjlWLUNuV2x1YnZmOHJLUERqSU8xUk05UHlQZ29oX0k5MmRXMHhiUkE1YWdJaVNHOGphRkQtdXhGb09obUkxbXVKYW5nY2JRdUh4enI0a3VwaEc5MEVBM01QZnN2dU01bE5yS2tMWHpLMGh2S3ZJSFRENHBSNUVsQTRxNkVYWG5Mb0RBODdFY01VLTg?oc=5,2026-05-03
google_en_garlic_exp,2025-04-30,"Middle East's Garlic Market: Consumption Trend Expected to Continue Upward, Reaching 414K tons in Volume and $530M in Value by 2035 - IndexBox","Middle East's Garlic Market: Consumption Trend Expected to Continue Upward, Reaching 414K tons in Volume and $530M in Value by 2035    IndexBox",https://news.google.com/rss/articles/CBMieEFVX3lxTE9laWcwb2VabEs2YVcyNnUyZzBuSV9pUmp5Y19YemF0bXU1UEJPYnA3U1NSemVMZnIwbE1mRmlSZzRkVDAycjlJRG8yZVJMZUlsZXBDZXZmQkZ4MUwwYzNBek9ZRG1NQUhKQ0VvVUppSkZydzA3bU5Lbw?oc=5,2026-05-03
google_en_garlic_exp,2025-04-29,11 Condiments That May Go Up In Price In 2025 - Mashed,11 Condiments That May Go Up In Price In 2025    Mashed,https://news.google.com/rss/articles/CBMia0FVX3lxTFBWOUZ6MFJLYlEtUzZrMUN6SkhqazZHc3ZzVjRvVkZwMkxVRnc2VldMVFVqRk90SkdRM1BDdUlBSF82S3JtVG05SjNnOXc4ektJdVZmcVVsaTZ4SjN4V1RrNDBnSlBQaThzLVk4?oc=5,2026-05-03
google_en_garlic_exp,2025-04-18,"Global Garlic Market to Witness 1.6% CAGR Growth, Reaching 33M Tons by 2035 - IndexBox","Global Garlic Market to Witness 1.6% CAGR Growth, Reaching 33M Tons by 2035    IndexBox",https://news.google.com/rss/articles/CBMicEFVX3lxTE1YMUNMR0ZmaUQzSHhpdnhvN1AwcUpDMEpabW5HX2ppdU8yd2J5SkhCdDM3dWM5TU5lelFOclRpUmlEZF8wb01ZaFJ5Y3VnQUFoRzlQUnFaakxHVmJ2TXhBLUVkYklocUt6akZmSTctSTY?oc=5,2026-05-03
google_en_garlic_crop,2025-04-17,Price of Ooty garlic plunges to lowly Rs 60/kg - The New Indian Express,Price of Ooty garlic plunges to lowly Rs 60/kg    The New Indian Express,https://news.google.com/rss/articles/CBMirAFBVV95cUxPMnFiMlEwcW0wb2U2SWg0VFUzNWxWSndheWNyWWYzS2E1MC1HWVlSYWY3dWZ3NHQ0dVc3ZWx2WTh2YkZCWFVnSGMwaXNpZ1NYTC1RS3FqMHhYM1VUUzlHSWFpd3pRejNPZ1JPRGl5YnBka2NtR3FSOWNVdzloSGs2WTFWUWdHWWloNnBXeWsteEM4S3Jrd1h5dTZBdktGbVJaLWl2TGNMeV9tQjA10gG6AUFVX3lxTE5xaUtmanRyRVhmSng4UlBndzAwdmhlNFNKaTlDMmZfSkZTY0kxZGVqU0JtcmFLUGdtQS1LMFJ2djV3SU83U19PdjNDTFk1S2QxX1U3dEhISVNBQ3Y5RTh0a2tmdWV0aHVob1ZDX0xGRXBoS0V1UjE1dTRmVHFzU29rSWtYdFpZODhCMUxnWERXVnZBNHR0aGltN0Nla21mQ2VsSXNRTU9pYkxSOGZYVUpadklTd2VLTzAzQQ?oc=5,2026-05-03
google_en_garlic_exp,2025-04-11,Top 10 Salt Exporting Countries: Explore the Global Salt Export Data - TradeImeX,Top 10 Salt Exporting Countries: Explore the Global Salt Export Data    TradeImeX,https://news.google.com/rss/articles/CBMib0FVX3lxTE1hQzRXdm5vbld1THFwdGVybVJVTGJqa19XTkRhWXlmaEtPU1Q0Zkt1MkRoR2RMMGtuUFFvenVLX0JMWnVieGF6ZGxSZkJhY19rZHVENG53TW5jUFlaS2V4UXpBNjJSLUNNTlFsTXBKRQ?oc=5,2026-05-03
google_en_garlic_exp,2025-04-09,"""The U.S. tariffs will put Spanish garlic at a huge disadvantage compared to other origins"" - FreshPlaza","""The U.S. tariffs will put Spanish garlic at a huge disadvantage compared to other origins""    FreshPlaza",https://news.google.com/rss/articles/CBMi3wFBVV95cUxQWUV6M0tYQXdmMVFtY2lVUzhhYV9WZC0xckp2RUNHQmlQOEJDVmNmalVKM2xCckZfRDFPeEN0ajM3bGRYcDR1dFdXdFZuRndYTl9US0ktODM3Z3hDRm95eXN3VDZueTdsbjF0WHJKMWNka2RkWFo1dGREa3hycnZORFBoZmRaN2xqcFp0bjdLQlR0WElISS1zQkNLQk9ndl9RSnl2M2prbjd4aW9GeG1Ec2w1MDA4bE41Z0FkdEMxWEtPSFJGb2JFQTNWWFlzZkxIQk02QU1kTlpObTVPOERr?oc=5,2026-05-03
google_en_garlic_exp,2025-04-05,From garlic to coffee: Trump's new tariff will shake the US food prices - The Times of India,From garlic to coffee: Trump's new tariff will shake the US food prices    The Times of India,https://news.google.com/rss/articles/CBMi5wFBVV95cUxQcm84Z2ltRmNvS3daWWlTbnJQLUN2bEQ3cnEtOGFFelk4YVFPU0Y1VVVCQTdUb0VUMl92dDM4dmlSWDdfck96aFByQ2NOdFJxVkxXdXVsNFA1NGNPZ01sc0IwWG0xWDM3cE04c2dqSG94LWM2OGlpME9BZ3MtVnF2TGk1ZkxRWUtZR3FDUzlFRWpreHYzMWpvZWtrYjBneDdDbTR5by03Ry1DM0JJMFBmWFkyOEdPOUJJbW5MZjJHX0dLa3p2TFVacG9wSkx0V1hCNE53a2hnRzBpNkVzTGV0V2d0bHFwLU3SAewBQVVfeXFMTjBVTzlVclNJR1BqRldsNnNOXzZYNkZLY0c1UjByYVRWdzBrdk1RZVdXZGc1LUR3NkY4eE44NVM1T3lzYWJJU25WSjhFaUVKamR5OW95UVRidjgzVWdRRHZDc3Y2dWJ0M0lSQUF4RENueko0Q3FCbmE5Yi0xM1FCRDN1WVl1TXFBeXlXdl9rQ0duUFVXRzkxR3lzamtvdU1uaUx6SGYxRjZpWk5MTk9ROXZZa1Q4cFBHZlc3X1ZaRWhwRTVnc3FUWHNjbUZING1CRnJ0dGFrNlNpSGlFTDlkY3FHLTNzdU5ZcVJVTDQ?oc=5,2026-05-03
google_en_garlic_exp,2025-03-28,Rajasthan Farmers Shift from Coriander to Garlic Due to Declining Yields and Prices - Global Agriculture,Rajasthan Farmers Shift from Coriander to Garlic Due to Declining Yields and Prices    Global Agriculture,https://news.google.com/rss/articles/CBMizAFBVV95cUxPQS0xRjRJMG1yV0NjbnlMbHZ3STYxUUxyVEpSYll6dG82NnE4YzdEMlJ4c1Z2ZkhKeWxfc0VVeDdfakNCeHdnbnN0aWZvTk9QQ1otRnE0ck1HdFBYVk9XcjN3S2NiYV9MYzJGam5TWDdmenROZFhhdlZoa1lYV2FXVmNDMVFsbHd1VHY2SGI5dl9JdllZZ3ZZTEN1OHZVVTVmRGVnTXZCWnBQNktFcG1uckdLV0RMRndUMWI2TW5jMDNEYTFMYmxGTlN1c2c?oc=5,2026-05-03
google_en_garlic_exp,2025-03-26,China’s garlic production and exports expected to remain stable in 2025 - FreshFruitPortal.com,China’s garlic production and exports expected to remain stable in 2025    FreshFruitPortal.com,https://news.google.com/rss/articles/CBMiuwFBVV95cUxNSDhXV3dZRzU5VlJXWTZCMTV6OTkxbVBmSW1FMWpjM1dKbUJDRVBCLUU0YlZ5c1NwOEtMdTNsMjBMSk5USWpVelRMaWg5Rm9IVjc3NDVmcnNkSjlMeDZhYmhBTjJMMUEzSVVFTm81MGpFWnJqQ0h6TzlFMU9MbnY3WmF0V0phcWJNbW9wWFVIcmdkMHh5NFNzOUk3dUpzYnRCMmllUDhqZlVCRXFHS2J1Q19CWVdSTXZRazhj?oc=5,2026-05-03
google_en_garlic_exp,2025-03-26,"Vegetable Imports in India Surge to Reach $3.1B in 2024, Encompassing Roots and Pulses - IndexBox","Vegetable Imports in India Surge to Reach $3.1B in 2024, Encompassing Roots and Pulses    IndexBox",https://news.google.com/rss/articles/CBMiakFVX3lxTE5lekdXZElkOHpXWVBzMVNFMGhhNXFXY05VekhEY1lGTE9jaExpN1ZGY0trNmhNUGk3NFZjanNNVGk4LU5GZnpfYTA0dFBJWkxvVzRHNFZCQjJmVmFOdWNDZFVzQjdSTklPTXc?oc=5,2026-05-03
google_en_china_garlic,2025-03-04,"""Faced with insufficient Spanish garlic production, many importers are turning to Chinese garlic"" - FreshPlaza","""Faced with insufficient Spanish garlic production, many importers are turning to Chinese garlic""    FreshPlaza",https://news.google.com/rss/articles/CBMi5wFBVV95cUxNdmY5dkROUlI1R0VqeEFmLWJJc1NTYWZ5NFFXVHJSb1VNSTRfVE1MRUg3T3p1LW4yX2dxalNRS0lKakE5dmhMMnV0ZVhXLUlXWXBnb0d4cEFVNUswTFM1YjhGamNmei1oZ3JqVDFJeFNSQ3hhdjBxWGxZSDdkcjdTNEZyZkMyZHFWeG91Y2NHZUZFYVBuM3BsUTU2SU5OZm5mbmtkVEFSSklPR2JIcW8yQjZHQ2tNQUdxaWloQlBUdGttLV9ac21pR3hEMXZrdXBVNmh5eW1JS0RtUThGOGJtQ1RveGpRRWs?oc=5,2026-05-03
google_en_garlic_exp,2025-02-21,IPB University Professor: Import Policy Inconsistencies Cause Garlic Price Surge - IPB University,IPB University Professor: Import Policy Inconsistencies Cause Garlic Price Surge    IPB University,https://news.google.com/rss/articles/CBMivgFBVV95cUxPcHVxNFd6WDBkUS1hLXlqS1VzZVRBS0NEcWlnbWhQMVdRamRaU0t5ck5DVmpVM3NkTk9SUlNDR3BNUDh6cXZoLVFQXzZOc1dsRU9sc2VjOTFYdTJCWk1oUWRLQmNwU1gtVUswNUhDYm1majZIeGd2V3FUcEtqc0tuclNGa2RCZ2lZQXVlaGNraGk0YTJUN0xGOFpYYWZtSG45enRsSVBMWWhpUXoxS3h6UmlPalFDRTBqQmRWREVR?oc=5,2026-05-03
google_en_garlic,2025-02-16,Garlic cheaper as veggie prices drop further - The Times of India,Garlic cheaper as veggie prices drop further    The Times of India,https://news.google.com/rss/articles/CBMiugFBVV95cUxNYTNzUkl4UWhzVEJqN0pBVUtxbjlBUDNRX0o3TUdWS2xoMV9KSjdPRTEtV3k0WEdMR0lRMFBBRFk1emhPSFhfRGo5aW5Td01XY1Ffbnp2Zjk0N2xJczZSdUFRLXZ4S2RaRl9kUXE5RnJNRmpHYm5LMWhONnpwQVdOUk45Y0F6ZjRRdmhnaEg1NzluRUxZMTV6VGdYU01WWHZGc2N1czdOdnp5SEFMRFdQRzVqWWFDOS1qX1HSAb8BQVVfeXFMTjRHS1RPYkdBaTNyRlE0dDRFd2xVOVk4aDhlV1VMQm9MQUswREdoVlU3aXlwWlctQ3BPRGV3cDY5bUJ5QXBESUZuV0xENXY4dUVUeEx0czg5U1BXQ0lqb3JEZ2ZKYWxqSWhDbUN4WDFtSkpPV0Nfak44VkhBNWtpTXhpWjc3TmZCRko4VkxnbDlVd1N5cF9VUElKbkdsUzhnVURjT0NqRlVGOHpGRGRkekx3UGVuSzRhNTNpelpmWGc?oc=5,2026-05-03
google_en_garlic,2024-12-25,"Rahul Gandhi visits Delhi vegetable market, slams Centre over soaring prices - India Today","Rahul Gandhi visits Delhi vegetable market, slams Centre over soaring prices    India Today",https://news.google.com/rss/articles/CBMixgFBVV95cUxNUUE3eDV0ZkxfR1prallJdzFFNi11SGpfZ0lQM0ZsaUsxbHVyTHRXOVM4WFNadzNjVk52VTFqS1NhRTNVQXljWUgwMG85bjlPRW5hOWpUY3lLOTZ2WXpYRk5MdU11OG9RcTQ3Z1NsSmdSeHFmNk13WDZHY0drRTRGU2JOdUtzY0wyUWxvdm9veXEwMHhiNnZMUmxCcDR4bnNwSjBudlFDNW1XQ1lIVjZjQTFaenhPNFNrRm1qVFNaTU9ZakhpelHSAcsBQVVfeXFMT1Y2N09ocVl0eW1CYkNYMk53Zzk2dXV1aVNsS2wzYXdYZUpWeEEyX2hSeGpJaVZXbHdzaVVjcHlBancxc29xd3B5OEpHWWZveDNCVWxmQ09pODlDSWhYVk9nb3pCNENXY0pxM1dKSU1ncFQ0YWdvYktqQWNseW9TWE54T3Ric1Z2T2c3RzJGbFJXVmhTOVZUVklkRjU2SlZfeFRuQUxfVDJ6dWJIaEtMMTRyTk8wSlpXdFktSDR4ZmROeEdPTjFHME9hOXc?oc=5,2026-05-03
google_en_garlic,2024-12-17,"Potato prices simmer at 4-year high, all veggies on the boil this winter - Moneycontrol.com","Potato prices simmer at 4-year high, all veggies on the boil this winter    Moneycontrol.com",https://news.google.com/rss/articles/CBMi0gFBVV95cUxNcE1qSTBJTXd5dzhKd0d0THUtbFQtN3k5ZWdwUDBJR0dLMWhsRFdKeElreFRBY1hxdjJ5UHVnZ1U5RWMtQi1hNnh5V2xDLVFuNElpMTVzOXJ6dElrWl9IYy1oeDRUelZpdUR4NkdXbF8wSkJPVEszaTFlcEdjeHRtWEZZZmJJQUhFU3pRNmhCMXBoTVdtb2JTRUR4b1V3S21tM216RUllYnZRVG1HM3ZndzBNYzJXTHJyeDVtS2E2UVZuOVhkRmp4VmdUZTNmQUt0S0HSAdcBQVVfeXFMT0NsT0t0UDBnalRMbjNZRlhHUDV6WlI5S0V1V2JNeHRiMXpiNWhuUXBnOUhwTXpiNWQ5dl9GOWVjNG9XMVhxSHVRMXNTbjlOY2MzVmtMMDRobHdiWUlmd3JZTVlMV3RRRlREeTZKRjdHekJlYnBDRTRBSUJrZktGcjBNY0RzeXp3MnA2MUZwSnBaamYwaVdpNWVpd3B0YUFrY3VJeGVSbDlDcVFZUXBRQ1FRczh0aUdTMk5GZDhScllkM3hkTEpwb3pldlR0RmM5S19tNVZ4NjQ?oc=5,2026-05-03
google_en_garlic,2024-12-11,Garlic prices dip in Jaipur as Afghan bulbs arrive - The Times of India,Garlic prices dip in Jaipur as Afghan bulbs arrive    The Times of India,https://news.google.com/rss/articles/CBMiyAFBVV95cUxNSW5iNklYREtxLWZZZWhycjNXOGd1ajhkSEs5R09heGY4ZzNsUjloV2U3VjZRR2VLaVRTUHpacXZNY05VelJtck5JanhTOFhSLUNXakd3MHdKRmFnZ0ZPTW85dmhNUGZVYzgydVVnUEZrWEV2Um5lV1lvV0pqdGR6UWdqRjdnZVZ5RFlLc2l3dVMtZEQxNWU0d0NhejNxVnpZZzY1dFNCSDFFcE52TmNYbTd2Tmd1aUs5Y1dOcTlMS2J4ME1fcUV1Z9IBzgFBVV95cUxNT1dvcHY3bDRVZ1g4eDhUS1RyQUdMOEh4S3VlNFNOelRqOC16d3JfbmJ4alVCRE1Mcm9BYTE4cFdBQ3IyZldTeTljQi15SUw3aVlvamQ0dEtraGdXbVdaYjNEaUtELXR6VkVVWmdnYklMejdsWGw0YnRQaG1wdlYyNjV1eTZsempIMWhhckZRVXkxZFJDcXlDNzdscWVDYjhXUS1JbnowSnR1cWVEQ190N18tclJkVjRrQkkyby1jR0xNRnN3OHFmMnlSbWh1UQ?oc=5,2026-05-03
google_en_garlic,2024-11-22,"Garlic prices go north in Rajasthan, hit Rs 600/kg as rains damage crop - The Times of India","Garlic prices go north in Rajasthan, hit Rs 600/kg as rains damage crop    The Times of India",https://news.google.com/rss/articles/CBMi3AFBVV95cUxQeEgzU0lHMTAxXzdjbnJkdGh5REY4UjhtaTRYM0N0RnFMWjlmME03R1c2dVpJYlhMdXlONmVGNEhpX01IbzZaSEtMWHdtQ3d3YVRIa044SHc5cWt4aEx4V1lTS0hicDF5TDZJUGx4OERDNXgxWVBOTHZnblM4Y2prLVh2bXhfWmhKT3o2V2J4UC1vNEVNSFZTQkF2SDlGTi1FWk9INWwtVmVBeG53N0Q4LXRna1kzRENnbGh6Nk1EVzdUOUpEMTNDUFZXcnQxNmpLZDl4bC1ocGQzT1hH0gHiAUFVX3lxTE5yUy1xVGx4Y0RmeURnTjJuMDJuMzZKNnhGWmZKZGhOWHV3Q09rTDNlR1hfRk1IV1FIblhKVnNIOXZVRzNZV1U0ZmZFYnU5V2xBMjVGalp6anhhNDlCZi1meHhvUkgxajk4WHBMUjJzZlpxeXo0M2hTVGNuM3JhOG5GZmt6LXh3YlJTSjRuT1huQlNJcmdndW5ZZl91R2FMaUNCTEZSbVZtVndCZlZiRlpRZldtM25XMEc4OTI3QkJkWXhHZkYtX1hWZ1ZqUE5MeDJpWGI0UU5CYVVEa3dZR0x0TXc?oc=5,2026-05-03
google_en_garlic_exp,2024-11-22,"To curb smuggling from China, govt brings scheme to promote garlic cultivation in UP - The Times of India","To curb smuggling from China, govt brings scheme to promote garlic cultivation in UP    The Times of India",https://news.google.com/rss/articles/CBMi_gFBVV95cUxONTJWc1JOYTFkT29qQXBQanhObDlFSl8yRnNGaU8xNlNsNEdaYWxHRWNFNzdrTmhlMW1nMWRETE1iLXRqYUVkZFJ3bVJzZjJfYmo4UGxodS1lU191Ul9mRmg2SEZhZThBbzdZd2hzanYtckJEM3dHRXFoLTRGRm52THY1NlVfaUJ6eVNZNl9FVHhiTEpRUmtqUlJUcThxOFotWG9ta2o0SzNDYnNEMmczQjZDN3d1M3hRZDU4SnNBR3lQQkZNSWZvaDVmR0FFOWJac3NrdmttMFZxaXdaV1ppbmJDbXhwLWhtaU9rUHNRanhBSHRDN3laMFh3REl5UdIBgwJBVV95cUxQaXFhUjNuUDVGQmVaNUFMdGQyd3dwWW9FQkQwM1RRMTd0TnUxcDUydDdoSlVFc0dGWXdQLUo5dVVIMlZZOHd3aDdQeGtyYU1KSC1hbTB6aFk5Q01CRmMwcXBpOS1GQnVFczRSTHpRLUFOQWZVOFdxclNRbXFwbzI3UEZ3TGVBTkdVVHFuc1RsNjJNdVhoNEZVSTJwWXdjeTRYYnNVd1J5NHl2UngtVlM1SU5taUFpaWF3R0ZqVUFLX2FJY1NiV1NTcWVtWTYxaEdUUEw1cFJPdUJuclRmUkV2RVY0aXUybERmTHhpRnQ4b1dnTVJBLURiMU9feFJlR3hpVHBB?oc=5,2026-05-03
google_en_garlic_exp,2024-11-12,"Maharashtra poll impacts onion prices in West Bengal, rate spikes to Rs 80/kg - The Times of India","Maharashtra poll impacts onion prices in West Bengal, rate spikes to Rs 80/kg    The Times of India",https://news.google.com/rss/articles/CBMi2AFBVV95cUxNeHd0cHpRNkRtSWlfd0JMbG1IZ2ZJSzNaTkw2V2FGaHI2OTVmMXBqWGl6YW1KaDRKbEZwOENmU3FnZUE5LUMwSlFsN01aQ0VrM1o1RTY0MnhxT01CMmRZVVJsYXpOd0ZJR1pyZ1ZBTnpFNW0tWnBpMmN2d1g4WWlhUF84czAzaHZDdEhjY1JvWEMwZkhPMVJ2QkZHLUFzVjhEODZzT1ZieHh0RXdfMXZmNU9rMU0zVlFpcDFMVEhJNGR6OVRIQmFicnpJT3FtUG01OHJfTTE2V27SAd4BQVVfeXFMTW9LSFBfY1NhakROT0NLWTB5cDNmR2tnUWk1aUtVX3RIWlQta080REkzbUpQa0ZxQUt3OWpTcnFaWUk1RkZXNFFENGdGeDFDZVZuZWxCRHlBSUQtc3c5NEFBYkJtdmlLQ0NubWlGcDNVVEpmVWxRekRkeFUxU0FHM1REX3BueUxEdTd5T3dIeUhOUFExODllUXdDTTFSbTg0bnJuSnVHV3pCdEhWSDFTWGRNZWZDRVRucTFVa0RwTUR5VzNHTURYTUtIeTZOTTVwbkpOdmpJdVBDSDlXQUhB?oc=5,2026-05-03
google_en_garlic,2024-11-11,"Onion tomato prices soar across markets in India. Check prices for Mumbai, Delhi, and other cities here - Mint","Onion tomato prices soar across markets in India. Check prices for Mumbai, Delhi, and other cities here    Mint",https://news.google.com/rss/articles/CBMigAJBVV95cUxQUS0tbUVnUHZDTzA3cFFocHQzaTAwZ25TbTNIM3kxTHdOdGVDbzlxR1NIb3ZLZ0FEMmVoVDlyeWgwVEtEeUoyYUFqTFNnOUR0Zl9NSFp0X3pSR0s0VGw5alpOU1dPQ0UxN0tJZU9EbkZ3dlI4LXQzamFMMkZHUG9iVUZFemcxS2gybm94NmNJeU9PNllZUVp5RzFzUVgwYzI0c1psLXBfS3BQa3NQNVR5N0dsYTZaVGxCZktGYnZTaWduVTR2ajBKVlRQS3lucENhd3paTUNRejkxczlHSVB0ME03cTBRU2pkWjBaYk1JVnpTQ0lpc3ZZZ0UxWUJ6MVRl0gGGAkFVX3lxTE83Y2JpeVY0ZHNTa2JwNGNITkhSR09wajJMUUlRRVRBaE9WMVg2Y2FBdmVVZDBJVUxvYkdCMWpzWGkwYjJMN3JTRTlvRUNDMms1RmRlNDVoT2Z6Mzd1M2FkNGxEeFotRl83VXVwcS1pU0pDMFozdmZIbDJFV1VJM0VCLUgxdTNySTlOLWpVdDYxTVhRbVZueW13eVZpZkVEYWVVSFFMWWJpeE55OXlYM3lZMS02R3BoUk1OQ3dYTFpDZVllRWtHMVBHQmFDNHR5SzRBWkIyYWp3LTRXblROdnA4dG45Z1RpcnNoVDdiSnlhdWNBNUhJWF84NHlhRmdsaU5UYTdldFE?oc=5,2026-05-03
google_en_garlic_exp,2024-11-06,"""We thought we had reached record levels, but prices continue to rise"" - FreshPlaza","""We thought we had reached record levels, but prices continue to rise""    FreshPlaza",https://news.google.com/rss/articles/CBMiwwFBVV95cUxQY2VUM3pXZ0FDX3g5NU9zNGZ1VUV3dkwxajhxeG1CaHBpT0x5cFY5Vy1Pb3pBaFRqem5PdkxHbExuNUVMbnZxUUFXaDQyVTRyU2NMUmlTbDN6WVNiRGpuZlNRbFJkNm5ESzZZcU1tMS1sX29Xa1VQR1cxWmdxSGRYUVBremFiZk9fQkR5ODllcjlUeE1EZDlkTll3MFBMQnRNUjY3Yzdkd1Rjc0RGU1ZlYTlfMmFET1FhckdIanUyREttZjQ?oc=5,2026-05-03
google_en_garlic,2024-10-22,Chinese garlic readily available in city’s vegetable markets - The Times of India,Chinese garlic readily available in city’s vegetable markets    The Times of India,https://news.google.com/rss/articles/CBMixwFBVV95cUxONG1nSUh3bEZYLU94OE16S1FUS1hDVmI5c2RfWm0zU1M2YU1tWDZkcjdfX1FQdDBYMFpMUmZxemJjWlpPd0VJRzNWUVhoX0VsY0NBRkl0ejBYbkVYYVJCOWZmRld1RU9YRVlERWstcnZMeGhxeldMZHc2dTR4V0ZydUNlQ1VrLVQ1c3FLRW56S0hpd2VCSFl6WGRKVzZheVZXMjBmcmxDOElDUjF6dDFzRGcxa1p6MXBDckdwb0ZGbnV1amVSMGVZ0gHMAUFVX3lxTE9aUWlhZmt1dERRNXB2OEt6OFZxaEQwcVp4T0s1SHhYdlJMQ0xuT3R3bHlLZHR6N2daZS1iTGZReFljYUJaVnp4NGkzT1JZS0tIS0tDV3czdkE5YU1NLVBmTnlkbkZMa09FWktTcTFKdFdKTEdScnd2Mk9aOTJ2YzV5SGRtemM4TXFINUZiOGE3bG1nLWhtNllYQXM0M21BLUNSRmNkSjRwTS1kRHFHQXdyT2lFdDNJUE5xaUVxR25Udll5LVZjLU5HU3lCQQ?oc=5,2026-05-03
google_en_garlic,2024-09-28,Food Fraud Alert: Are You Buying Chinese Garlic Full of Chemicals? - News18,Food Fraud Alert: Are You Buying Chinese Garlic Full of Chemicals?    News18,https://news.google.com/rss/articles/CBMivAFBVV95cUxONjROdWhBc1hteElka3VBWjlRbE1pQkQxUDNUNjNuc0p2MGU5bTdieTJpaEhMOTFhYWNBRk9xbzdtUnVReVhVdkFZa1Z4cHhBM2NhbWk2dEVsM2ZIRmY4bkNQRFNXakc2emE3YlpPVDZyeVdVdUhVbDZ3ekNGajVCbGNnNFd1UEpRQnBXU3dJVkNZcWxvNDV5RDNsdEtKUnQ1emlvUkNVcHZFWjRkbkVFQkQ5NHdDTDRpVE1KR9IBwgFBVV95cUxPWjZQTi13N3lWLVRtMDRhR3B1VEdtbEplYmtfa1FjUjhvYVhvWGIzR1Q5LXlHY2NjaHVyay1zVHJ4RTFMM2hhdVBnOUNVWDBlcUNObUtDTjlONGJRYkdSd2s3QmVPd3UyUFlWOUExQThrUFY4a1BHVXZ2X21rNTViV19qUkxRYmo5MlhBbXhjbnBXem9tNzRTWkxEbVQtMU5ETWtVTEJ4dmF0TUFKVXJDMjNGMEZqb1NUQ2VsOFlDQmpjUQ?oc=5,2026-05-03
google_en_garlic,2024-09-26,Garlic prices surge in India due to heavy rainfall - FreshPlaza,Garlic prices surge in India due to heavy rainfall    FreshPlaza,https://news.google.com/rss/articles/CBMirAFBVV95cUxNYURNcXZXMmN2VDJidm1YeVRIMkxRa2lfWFI0NkVRajZreE1ZaGRRQVJtRVNJRjJ0ZnpMY0FlSDhYU1FwbkJ2MThGZGdUelUxWGdmRGFXczFXcG5aTjg0YUk2NW1mbFpoZXpSVXhQalZFZTNOcTRuVmNJbVd4N0ZaWjJFYzgxMTdSaHNob3RDOUFudDlCYzh5clcxLVE1ekswLXZmVHN3OXhOUl9o?oc=5,2026-05-03
google_en_garlic,2024-09-11,Gujarat traders boycott auction against ‘arrival of Chinese origin garlic’ - The Indian Express,Gujarat traders boycott auction against ‘arrival of Chinese origin garlic’    The Indian Express,https://news.google.com/rss/articles/CBMiwgFBVV95cUxNZjltNFkwdmpYb3Y1bk9qR1JwS2UtaFFQZHNqaEJ2SGItYjg2UXdJTm1tWUtHQnNyNjhvUTM4N1ItR2hnT1BVYW5FV1VUeGtueEFPRlN0cHUwbURhbEMtY3NNSXNBV2E3YTd3YVVDc0ptR3JFbTF5WFpXQXhPandlMFEzcDBZX045aHZaZy1FWHhqV0xLcEZuY1lUZXJiUy1BeFpQd0RWdnpDTU5fZVJmcVhaZlBjNjFDR1dnRVJfMFJZZ9IByAFBVV95cUxOV2xJWUtKdWZRZ1Z3YXZUMElBeUN0TFZxalVWOXo3VERaeFhadUJDcVZmdjVxX2phajlBS00zZlBkb2RkaVJPTHFoSDBCcUNKd3ZXbXlGaUplWFB6aTFnbHdIR3ZBRXhoTmJjRGtwWHRabi04VXRTTFdsZ0x0R09nN255VHdEc0Y3V05Pd2t1TnA4aWhJbV9Gc3NLaFd6aDRXS09RQnBBS3VHNkpBLXRLU1NZUUNfQnB2X19VdG00dkw0ZjVKeXB1OA?oc=5,2026-05-03
google_en_garlic,2024-09-11,"Farmers Of Rajasthan, Gujarat Apprehend Losses With Entry Of Chinese Garlic In Indian Markets - ETV Bharat","Farmers Of Rajasthan, Gujarat Apprehend Losses With Entry Of Chinese Garlic In Indian Markets    ETV Bharat",https://news.google.com/rss/articles/CBMi3AFBVV95cUxPeVg5cDRXVzJROGRDMEVQWml3TlR6NFN6RzJ2TWhneXZiczQ5N09CZW5WV3U5NVZXUmJwZFJPeUdQUjVHV0dzWDktLUZaT043S2l3VHo5RDRFZkhFWVNZNFFjZXkyN0FRSHhvLXdwa3J1amtXcWdBQmRMOUNySWo1bDlyV255NGtFM0c1Y3JRVlA0WE9JcGNjeklBRHZveW54dG5TdlJpRUxEc1Z1aU5Wb3pGY0hNZVRGTFlYSWJMOTI0aUxHemNzMmxZMWFjV1Y1TjFOMkpUZnRKMW5E0gHiAUFVX3lxTE1SbklGeXNqVXdld29mVEJOZGNuWkhpcGNvek9hcXkzck1HY1hDUjRxUVFpUDIwMUE3eTd0cUhseHFtZWlIU3pGZlFRQ3JQSGRNVWo5NjlUM2RsdFBWUEhCZVF6Ri1DVW9lX0RJWGtoVGtBNUF3SzVXYUtWSTdGdDdzc0tSdmRqRzRlUTZJX08xRS1uZnAtakE0MGFyZDFPQWJMNDdTWElaVEZSZHV3akhwRnBidEVEdVBsY1R4UlpxSWhpVzlJakhqUTVZeTB0NFpxY0xMa04yWXZGMjgxQWxxMFE?oc=5,2026-05-03
google_en_garlic,2024-09-10,Gujarat Traders Allege Chinese Garlic Being Smuggled In India Despite Ban On Import - ETV Bharat,Gujarat Traders Allege Chinese Garlic Being Smuggled In India Despite Ban On Import    ETV Bharat,https://news.google.com/rss/articles/CBMi0AFBVV95cUxOckhzVm9BRFA2dUc0NW51bElRaExtdGJtcGk0em5CVThlSFdfaHA0dmRSZUdScEJUeUc3TzdaVG5IMHkzY0pGR2xYQ3FZTE83Q0g0YXNOZmtheGgyTVo3UW4zNjFUZS1GRTllSHlqRWtjdHZFeHU5aThXQjFWc0drb1VPUzdzQ2Naa19uV3REUmtSY3lDOFd2OC1IUEpablA1LXJiZlFtSzhaV3poR2MxeVp4cU95M1hUWTYwcXM0QkhIQWpSQUplY2pybEF1NURO0gHWAUFVX3lxTE9SSF9USG5MdXpaR05nM1F4RjQ0RjEzeTJidHJqNGlQVmQ1M0UyYXNnUnlvRTg4ZzJHbmNLVmN3WG1yLUwwTUNLNXNQeGF5SXVES1BHOGxyZm1NRVFMTFdoSzdWVElNdDRHdEp2X1QyemIzRng3QU1TOGs3ZExoRTlFcE5WM1lVYnJtaUxRRkNGeUZReXByRTdRMldUekVIZUNPcmU1dTA3NUNkdGlSeXk1M3ktQmpRNVVGdWcyWkhabzdKeTVRWGI4ZTVjRmQ4cXVscGpqelE?oc=5,2026-05-03
google_en_garlic_crop,2024-08-30,Garlic prices soar to Rs 380 per kg in Tamil Nadu - The New Indian Express,Garlic prices soar to Rs 380 per kg in Tamil Nadu    The New Indian Express,https://news.google.com/rss/articles/CBMisgFBVV95cUxNVHQ3SkFFMTV4Wkx2SnkwWklIb0djdUpXV0VXN3pNT3FLaEpicDZ5dWFFNFY3d3lKOUlqcWFJT1hVSzFzS19mOTlndThfd01DY1RCNHhsZmFWYmJ4eGp5R2EwS3ZBeDhaSDdocVBLWXBsaFlDc0NpMG1vbzdjbDNMVmdOb1VkbTA5dHRIdWhtekZVb2pkcjc2a0hUZm1DS203UFllbHlfcWprSmhXeUQ1cWdR0gG_AUFVX3lxTE94dldJbUp0QWwwd1J0alFwSG1oZVd6b1FSTWpPc2VWbVJkb3dfdl9zRVJtM2ZLZURVcm5BV3pfNFd3WmdEMnFtd1E4ZG9DLThYLTNOR1luNzNKWmdHZmtxckVUM015Rmt0Y3BCcEVldE16bUpvdUgtbXZiMDdfbEcxMzRwSUVxMnlxaWt3bF8ydEstN0pYTFNmNE5jS0tCTEM2M0xxUDNqSFhmc09jUkdoMDEyS3BZdlQtZHZYamo0?oc=5,2026-05-03
google_en_garlic,2024-08-08,BANGLADESH STRIFE: Traders Exporting Onions From Choithram Mandi Could Be Affected - Free Press Journal,BANGLADESH STRIFE: Traders Exporting Onions From Choithram Mandi Could Be Affected    Free Press Journal,https://news.google.com/rss/articles/CBMivgFBVV95cUxOa1JTenZ2aXJWZWpFSVZOMlhWZS14STJVTGdEQ3doX3VfeThmVXU5S0JWRXpEWHNpdE1DMFZEV1lJWHdpbnRQUmNjb0RqbzBnQnZzTlpoU0k4anpHczVOdVJfR2ZmamhVaFhRWndTNXVzVzFKZEJNU1dLeURYcTJQUXg2NU00TmxDSmNFb25HMlExanpfcWtTeGNMSnNEZVlXc1pUZjI1OXRBU2hnUFJNWnNCYW53UnZBMzlQdUlR0gHDAUFVX3lxTE1QemhCbVV2ZXF1UExWQjctNVAtSTBCSF9COEFtLUdHWmQ3aWg5aGJRSVREVlRQUEg1Z3hMNmszQi1QODRwTENMWENGNU41UUhzeVNyUGI5dlRhMnUtTHMzaDJFUElkOXFFRzhWTHQwSGZXQ1BZb3hLSi1xb194cnJzSkYxdlNKcENmajMya3VrLV9VZHdqeVdOTXZQUWtHZkxwRmppMTNuQ2hRcHMzdFJub2FCSkVRY2hYNWtwVmxlRFgzMA?oc=5,2026-05-03
google_en_garlic_exp,2024-08-07,Want more garlic flavour in food? Prepare to pay more - The Times of India,Want more garlic flavour in food? Prepare to pay more    The Times of India,https://news.google.com/rss/articles/CBMi6wFBVV95cUxQeG9EZUQ2ZDlFRmFKTVlldkhfZm1xQ1l4SnlaZHVYb3F4NHQzWGFGWEpFUlFxa3dWVlRtX1l0emJ1NnNWVWxXdTBWQW9QZWcwN3NoeFRaWUlZVnBkcEt6NDg2QzFuWlY2OEw1dVBnWGRwZXFOQkZqX0JGM2tUelcwYmJJZ1VlWTNmQnF1SDBtcHdFaF8tNDBFbUZGbTNqRlZ0aGlubEp0NHlUUDVRTzNnb3hQdnJEYUZiNUljcXFZS1A3Vk4zTEpLU2trdm5vdzlRQmR1ZzBqSHRobEhTOUFGdTBnSG16Wmp4ZWk00gHwAUFVX3lxTE5CQkNDcFVZY21YTk1uUHJHdXI1al9SLTJ1MHd6VUhYQVVEOWtvVFN6N2tvbmVraFJ5b3ZrTlR5VVhFQnJzNmhMYW1aQV9sZXRuR1RRblU5ZEZrRm5mdWZSem9DOUVOQnp5Zk1JZy0zd1pjSUVuR3g0TlpJelNYRFhUdmthcGx1Y2lVM25sbWxQQUdJTEVodDdlNUxVVnp2NzM0OFVnWFJHYUZIcWFYbHFmdFlYczJtaU9PbHh5NTQxZU5fYXY4eFphaFhkRWk4aldfcF91OE9QWTdvbzZ3eFJoUTd1b1BCX0xpYWhGeGNERQ?oc=5,2026-05-03
google_en_china_garlic,2024-08-07,"""The current garlic export market is weak, with fewer orders than in previous years"" - FreshPlaza","""The current garlic export market is weak, with fewer orders than in previous years""    FreshPlaza",https://news.google.com/rss/articles/CBMi1gFBVV95cUxNTEZyVnIxYjVhQXBZYWhvUlBTajhka2s0dHIxVUxhU2EzbHNSdWo0aFZ5bHRWSEdzQWRpSmFYdnJSVWxtOUNHaW1uWG5QRXFhR21RdjVhU0pTSVk4ZW9tdnpUOU9LTmlmTjJGQlRvb0h4d0pwcWZVblBpVURNNnJGYWstSEYtc3ZCaUxhY05rSU9LU2s5VkZWVXhxNm94MjNYTFA3cHJyTEJZTm9uY1hCTWw0VW5pQkhJa3FCaHdqRDBSOVBqWGx3QmdNV3pNX0F2V245Z2x3?oc=5,2026-05-03
google_en_garlic,2024-07-28,Garlic-producing Farmers Benefit More Than Rs 500 Cr In 2024 Compared To 2023; Know Why - ETV Bharat,Garlic-producing Farmers Benefit More Than Rs 500 Cr In 2024 Compared To 2023; Know Why    ETV Bharat,https://news.google.com/rss/articles/CBMiiwFBVV95cUxQRWZVc0FUOEo5X2ZNdkZwMHluVUoxcEE5Y2U1NjgyY3JZMDE2RXczaVo0ZnZZSFlwTEEya2J3aHJhNFVnOWpmZkFveFc4TTVHcjA4WDMxYlhnT0xaR2tycHo3OE9HRll0MmFzb2k3N0J1NUZYSlhacl92Qzc4THFjWnlCeHd5QXJiVmZr0gGQAUFVX3lxTFBuRVRnN21vamthMHAtcDRjcGRFSEFaenhNZkJUeHltS1dlNVJJUXFiZFdkTkhMOXdUSlZrdVZ4V294Rmdua2ZpcmtiNjNjcWFqMFctY0ZnTGdYZE0tWWEzWmpCNWhDSkY0dkFEVEhlajV5Z0htWF9tbGhGM05Nbnc5VkEzWFp3c1MyanFDdWZFNQ?oc=5,2026-05-03
google_en_garlic_exp,2024-07-14,"How Nigeria can increase garlic cultivation, tap $3.6bn global market - Business News Nigeria","How Nigeria can increase garlic cultivation, tap $3.6bn global market    Business News Nigeria",https://news.google.com/rss/articles/CBMipwFBVV95cUxQQ1lxRDhpNGU0UFFlNnBubGh1dExaVVZJOWxVODIxRmp1blN5YWRJa0NnT2tJVVh2emZJV21nODVYUE04QkRxWEVPLTRFWERrVHdJc2s3cE9KMTRma0ZMVWhIME9YeFJWTGlRNkFTUEo4OXJOV3lTVU15dlh4Yk9VZjNTZFRWbVlfMVUzVzMzdDJjdVdpV2hwUG04QVlDaHFHQzZqaWdTWQ?oc=5,2026-05-03
google_en_garlic,2024-06-25,"After singe, the pinch: Heat burns a hole in pocket as veggie prices soar - The Times of India","After singe, the pinch: Heat burns a hole in pocket as veggie prices soar    The Times of India",https://news.google.com/rss/articles/CBMiwAFBVV95cUxOWV9PVFdtWHc1UHVBemNzMWhPWG1NN3FaZm9DdHR1eTZBdGpNdnlaN3NuVGcxQVJRV0RWeHJ5UFA0ME1JNklmeEVUYnkzWl85VzJocUFkdk1rd0w2VWtkRUtBb3oyMU51RXNjdEdOemJIcXBhUExFa0o0dXN4M3VJeGtoYmxBa3ZQOXhWdUV2RDdKY3VzX3dDRzgtQXkwcElZTDhDUEZ3bjZsQ2NPSEtmZWhtS3djUEJTaU1MbHFWWkTSAcYBQVVfeXFMT3RpZk5NSEt4OUd4eEtCNlZoWHVoSHJiZzg1ZkdITlVRSy1NS0FQRHg3MUhEYklxMENKcldsWms4SDFHUEtySFc3SVZ3RmNnU3pBM2xGYnh6aU9zYmMtV2RTeHo3Y2Vta2FBTFdCaUprZWg0QU40Y3NTdEstQjB5VGFDNG80UkhYNERLSlV4SUtTQTE5VVh4MVJ2VzdBb0xwZmxVRGwwc24tVWk1TF9Ca1FHNXNoWTRBbVEwaEtGa2tKNTlGYTBB?oc=5,2026-05-03
google_en_garlic_exp,2024-03-14,"Garlic acreage in Spain down by 15% for the 2024-2025 season, and by over 30% in two years - FreshPlaza","Garlic acreage in Spain down by 15% for the 2024-2025 season, and by over 30% in two years    FreshPlaza",https://news.google.com/rss/articles/CBMi1AFBVV95cUxQTE5XR0xWR182bnA2dzQwR0x2YUcydkZPaWZSX014eWpqSmlmcHVDQnlBMW1Tb2UteEwtUFpwamExNFY0MUFPd0RycmIwSUdsRTJGMXhIRFZWcXc1aHdZT2RBck5wY1V1NmRyc2ZmWGROMDJqbFN3Rk1RR3pfc3ctVmpEWFBDa3BJU1Z6N2NuaEp0MUZ6bUtiYW1BbDUway1kYnVWZ2U1UEoxVFh0NVMxYmtMbzZTRjl0SkJKUGZPS1d1bElqNVZjbjV6RV96TTRxNVVJdA?oc=5,2026-05-03
google_en_garlic,2024-02-16,Mandi Updates: Wholesale Garlic Prices Soar Amid Low Production - Krishi Jagran,Mandi Updates: Wholesale Garlic Prices Soar Amid Low Production    Krishi Jagran,https://news.google.com/rss/articles/CBMipgFBVV95cUxPRGZMUHRDX0p5blNwVmJWOXAxM0l4WFE1anh5Z2tpUm9fMzNjdHlmcVhwY0NIQXhVeHR3WUp6aUNDNGhlR2g0UThtUXc0UFcyUHEwaGRPbGhmQUJmaTM4a283RU51amFVRjVLc0NSN3VhTHdUNVJDRzctQ1pQWS1oU09scmU4em5sd2o3R2N3M0x2ZkpEWnRxM043b0ticFNyR3pZdTVn0gGuAUFVX3lxTE04TEZCY2dhZjNYelFWbXlmTGJwUHByT0xxa3FNMm9uVE8xT0lnalRENVFRSHlHQzNhNFVuZW45SVBwVm5mTTJLU0t1cU1DZ2pWM3V3QlhqYjJ5V2Z1RnphTWNsSGNVQ0NxZWZmVllWTVp1V0J0QnpFeGh5R3lkWXFYNUpnUkNTWG83VXdyMWhmSGhEU1I1dE5SSzNQVEp5MkJYb0QySGRtTk5TOXVudw?oc=5,2026-05-03
google_en_garlic,2024-02-15,"Lucknow: Tagged at Rs 500/kg, garlic breathes fire - The Times of India","Lucknow: Tagged at Rs 500/kg, garlic breathes fire    The Times of India",https://news.google.com/rss/articles/CBMi5AFBVV95cUxPQ21pcmdNNGVkQWUyWjZkQXgxSF96M1BGRVl0aERtcHQ5dERWMWt2RTIzMERqbDJuaGNXNm5mX1RUM1NwQ0g3NUd1bW1XbHJrWWtvRjR4V09NNVRsSUZzUzg3d3RmQmVMQUZkM29qVkRrdGpweEZDeVhOeFZyT09OOHo5VFFoX0ZTYjN2dEtPVDRNV2hDOWJMa0dYcDlqaTJWOFA5eFUxbmRuUG9nVEVJQ3QxMGNmWHI1bGRabjJCZkpXWUpRSHhZVmt5aGREUFM4NmY2cjZDVlNMT1dkeldEOW56Rk7SAeoBQVVfeXFMTWtUUW1GN2pXTTNhQ0xwNUZBSXhmRXJMVzFBenY5SkFvdklOMU5GNHlFNnpNcTJ3LS01OHZFeE1XVDU1dFVGU1VLbEJIRElSbGRKQV8wTndTc3lVNjhpd2FoaHBCUWkxbXlQSUVvdnF4TklPTzNlUGlSdGpfSGhHUDk4bG5wYktLVmlhNVRkSTN0OVlwUHJDc2hUV0I4ZWRlNTJaZEdrOTE5NjhMVGNZZ0M4VmZ5QlBSNzFqem1fMW5RVUFkUEg5YzNUZ1o0MDFXaUtGSEdfSVdrak5iblAtTWxtOHlFc0NUMm13?oc=5,2026-05-03
google_en_garlic,2024-02-15,"Garlic Prices Skyrocket To Rs 550/Kg in Uttar Pradesh, Say Goodbye To Your Favourite Chinese, Mughlai Dishes - India.Com","Garlic Prices Skyrocket To Rs 550/Kg in Uttar Pradesh, Say Goodbye To Your Favourite Chinese, Mughlai Dishes    India.Com",https://news.google.com/rss/articles/CBMi8wFBVV95cUxQSWM3bXFZcWlnMF80QkhZQTlaV0tHeDhhZjJQVmVrTVB2cUwzTnpVZGgweEFIXzlmSlFTQjhnMHhwcmZ1RFJZVGJndlZtX1MxZV9qZUJuSHpQRFNIbk85R1pKZXpyVk0wSE9Zd2FselMzRkNOTlozSl9McFNVRlZfSEI1QWdBajBNNWxXRFVZM3hWYkJpdElvOVFfT0lwVjNrN3hLMm05YmdsV0NvaVlKd0VZaDc0VUI2YTRJNXp4cFJBVXY4SmpFRmV3d1kzd3Q5aHdFT09iQzdfRTVLUXpfaDVTd01rM3pvYWxJNzQxd25sejDSAfgBQVVfeXFMTmtLcWVCMXpfeWxSX1p0RFM5N3dLSDlKVGE4bVBXLTBNbUNtS1dwUy14RjZ1LVBzelpzb0diMjBnUTBlMHowRU5aQUsya2pUd1BzdUtkNE1GaXlaZlFIX2tXc0NiWHVmV0tSbkUxTmtudFpYQ1VtS2VkTTZEMTJCd29abE9JaEFkd3Z5c3BDYlVXcWNmWl9aM1R3aWE0azFkWHJfX0VKUmQ5R29wMUZCWGJ4Q1BNRWZ3MFh2OVJjQ0hDZVRIcjhKNk1pNjViWVdmcEJjUlZxRTdRRGhuQ3VabjBDMWRBQnNySkRKMjc4V0FUNWF6RWhkQlA?oc=5,2026-05-03
google_en_garlic,2024-02-14,Skyrocketing price of garlic adds fury to inflation fire; retail price inches towards Rs 500/kg - The Indian Express,Skyrocketing price of garlic adds fury to inflation fire; retail price inches towards Rs 500/kg    The Indian Express,https://news.google.com/rss/articles/CBMiqAFBVV95cUxQTU9NTUc5SG5MUGdJdkl3a2JTSFZEWlNidzRSc29PSlFZa1JwU09iUnQxV19qTXNOZFN6bGI4TnJOaDUya0V6N1p0b2ppTEhGTnNWTzRZcFUxUkVXR0dMeGk4SFNkZndmM1VTWTdJLXhLbUtIZDFZZEtMaEdyM1NGN3BRT19NN25LNE5Qem5PdzBsVktENTBnS2NsUGRyVXZfa1V0UjZ0c3bSAa8BQVVfeXFMUFR3dXVWTTNxOG14NDlBMmUxZ2hzanpNd1QzUUtsRW9sV2FSZHhBd2JhLS1OZE1kc3NSWi1GbHJIbnZvYTA4MjV4aU1ja1JEQjdEYUVmcHZ4dDFlTjJCMzA2SlVRYmU3NHZNVzJ4UXV2Y0d6V2M2bzlhQ2ZEOUU0dzY5Yzk3Uko0Wk5IZzdzOUVSVlZETTN0a2hPcG5DbEdWNU5Zd2xEWGhOQk5WSmtHbw?oc=5,2026-05-03
google_en_garlic,2024-02-07,Why garlic is getting so expensive in India - CNBC TV18,Why garlic is getting so expensive in India    CNBC TV18,https://news.google.com/rss/articles/CBMiqAFBVV95cUxOaTJDQWIwUFRCQl95N3M4Q255Yko3TndXVUhIck1LalBEWC16aU9jbWNUTGpkMzBxZUZ2QVY4ODd5czFVUlRyS3R5dzRRam56TDh3OUFERTRnY3paWFZTbENhbUhLM2FjZWtocHUzS0wxMUoxSWVZT3NNYThFb2ZCVWZZQzc2OWY2WURCRWlKa045aDlScVc0ck5ROVV5SDZ4RU5hcElRRk3SAa4BQVVfeXFMUFlJZUo4VnNVOER6clQ1MklNRm13eWNJaUNsRlFPM01qd09sMHlGV2cwMjVfTU1LdDdreFo1dEtkY2Ewd1J0UnREeFo3YXdUcmw5LUR6T0xlM1dMOWNpcWZGN3NQVklBOE9SS0ZSU3JDRUZxdWhvS3pVMm1ZWk5Ed3EyRUl4UDNPbm9rTlNROWJmTW5UNzlQZ0JFblZucHV1cGYyOXV1amlJZWdHelJR?oc=5,2026-05-03
google_en_garlic,2024-02-06,Garlic prices cool down as new harvest hits mkt - The Times of India,Garlic prices cool down as new harvest hits mkt    The Times of India,https://news.google.com/rss/articles/CBMivgFBVV95cUxNRDFPclJzdFAzb1BhZDh1QlRTQWVCU0NMcHdHbXk1Yld5cm5SUlVsa0FWM1k0Z09keHVLRG1NN1AtMGdzRmNicXZkWGp4SWdLazNUay1UaEVlRUZWWVZzTEJVZktmdWl4Q0t3UmV0Zl95Q0M3YnF3VzBmNWF0cTNrTjRIak9zQVk1RDI4Q2IzdVh4OUk2N0dLaGhLbHpuTTYwWElfeXU1dEpUeHJjVGJhYXRwV043T0VtMloxZHFn0gHDAUFVX3lxTFBVQ0V2V3liX016RWxKMmFVZzRncVdxc0RtRDhwWXBzUzhWNU5JWHpWMWhVQ2t2TmFQekpiOV91NUFjbU1GbXJzR0JEOS1aSE4yLWViSExPbzRVa1d0VkNnOGgwWGkzWTR5dGtxWGtSMWRQSk1OVUVycTFkYUI4UGFOczIwbHFCY2J6SVpEQXdVcDg0MXFGY29OanFKRmpoR09LU24yX0kzVnJidktnZGd2Sm96a3JwNFFrcGxhX3ljM2tiQQ?oc=5,2026-05-03
google_en_garlic,2024-02-03,Strained supply pushes garlic price up to Rs 400 per kg in Odisha - The New Indian Express,Strained supply pushes garlic price up to Rs 400 per kg in Odisha    The New Indian Express,https://news.google.com/rss/articles/CBMiwgFBVV95cUxOb2wzdmw3dE1jVzZfY2hKa0duRTR1QURveVFDd0s4Z3JtWU96a2pJeXRjWjY4Q2tNdGpZX2lnbmdQbUR2bEpHNjNKVl9hNnlyaVhveW9RRTFLaHQwcXREY2wtX2FnU2tDT2NKZUJfbW9JRFluMFNHRWh1cFlHTUR6YlVPb0RJRGJFT2dvR0stOHRyODZYVEtXR1BKQ21sXzdibmUwQmw2N2dsTThLaFFYX3VqdjVwaXNCN3JFQlI5Nk01QdIBzwFBVV95cUxNQlpMRGdnVW9aTGJYM2dnNjRhNUlSMHgyU1RLX2NISnlXWHhDVnhzdmY0eDY0QjAzaWdMeDgxcVg5V29YYXo2WG9GZ2tnekZsZkt2MGNWampPOVgxbHNzUFBfOGZubUY3SVA5TFNPc0NTaHFmMWhyTW5pRHJjeHJMVGo2VE5NdFFLbHpxSl9XZ3Q0cU5sMW5YLVdwNjN3UjltamlfV21abUlCcVJsZENqcHJrRHRLOHVzSGtTcWhtLTVlYUlJYmZpLW1XbTN5VzA?oc=5,2026-05-03
google_en_garlic_crop,2024-02-02,"Garlic Becomes Costlier, Prices Reach Rs 400 in Gujarat Markets - ETV Bharat","Garlic Becomes Costlier, Prices Reach Rs 400 in Gujarat Markets    ETV Bharat",https://news.google.com/rss/articles/CBMif0FVX3lxTFB1SW92LTYwTmRuVTNGT2JVSS1kZE4xakN2OUpsNmZfQ21QNUtYekIyNkFoaHJFVlgtMzd5bVoxZzhkbDlPc1ZYV1lWUVF5QjBqM083NDI3TmI3WVI5S01aWUgxYm5jdVZyTFJwX2pRMm5GYmJfd3hkZGExVlJHUVHSAYQBQVVfeXFMT3FscHpvUmQzaW9nYWN3VTZiSDlkaGdxNnBqb2VNTFB4QkZfU0NHT2dPc2x1RnBteUhtbV83SVZnSnMwN1Y3Q0RWSUx4MXlhR0I1UnVheTFERjlnYkE2SGh5YXdHLVctWEE3OVJHYnVWeHhUeDc5Nlhtd3ZOQUV4UUtJYjVr?oc=5,2026-05-03
google_en_garlic,2024-01-10,"Fresh garlic season arrives, prices expected to dip - thehitavada.com","Fresh garlic season arrives, prices expected to dip    thehitavada.com",https://news.google.com/rss/articles/CBMioAFBVV95cUxPcFo0MEtvOUFtOWZucU9fLUZUbno2TDBWd29PenVpU2xmU3IwUmxBeTJDLXB5c3Zkem1yR205Rzd4d2JUd21UT1BVNHVOSVFqYzJXWVplZWwydlduRlZreEY3LXF2V3dmUDZNRWlDWl9XZjQzWkNVaklMQnhJUk40ZmI3UlJ5NHZEXzdadlRJSkw4TDJ0WHF1bm1PRERkdFJN0gGmAUFVX3lxTE9QREhCR0lyTmFxVzNaM0taYmt4VWM2RllXUUd0eWMxakhGRk1HMkZaeWVOeWlwdGU3SmdlVm9wcE5obXFQS2xpczZKbnQtOU54ZVNnOGhDRDZJVC1ETUpKYmhSLThvemx2VElrRzRUdGhlT2ZaLUZQSUN6VVl4M3NRNC1TNW9pd18yRmF6ejN3ei0zNVNkM2RTTldSYU1QcWhlVWtPRHc?oc=5,2026-05-03
google_en_garlic_crop,2023-12-28,Wholesale & retail garlic prices rise as supply fails to keep up with demand - The Times of India,Wholesale & retail garlic prices rise as supply fails to keep up with demand    The Times of India,https://news.google.com/rss/articles/CBMi4gFBVV95cUxOS1M3eGQ0MWh4SVctcmR2VXlnLUVVMVlUYXR3YjZaYXBuWGtmM1k0MElvSVpmODVTeDFUam8zX0k2RzdzUGFSYXhDUkhLQ0dxNmJSYVplR1I2d3RmQ0g5c0JLR2YwNGJMVWZ4S0xzTjg5b042c25faHFUNDZjNFVEZGRhSU42VlBSX0N3V1p0bHFiNkZpX1VWVWVwZWxMSzdNR1YydUpoUjc3Nm1NM1J4dlFHc1dTV2J4UndTQ0Y5VFJaOE1TQmhGaklPUjJFMFllakNpSlZ4MFg5ZExCaUhSSTdn0gHnAUFVX3lxTE8xWHl5UlNSWDFWd3EtVFpDMVhONW0zYXVnOHlYdEhRNkxNbS15Qy1wN0IyWHYwUUkwQWpJVFpsY2JyNlVBZEZJYjFWN0dzVkxScl9kSGJCM2NxUWd0Q004UUZTTEhwcFVGOGE2aXN5NUdMUjdrVG5IRV82Y2xlZUVDNF9HemhNcXNvejVaLWdTb0o3THpuOW1VbGMxX283MWRIdi1vbm9lU01ocUxiQUZpZ1pYLWdrMXRoUnJkTzFhSzdLMFc0ZkJwMFpaMVR6b21kWkFXTDJ0elJXY0hYTDhfT3V0eG1vWQ?oc=5,2026-05-03
google_en_garlic_crop,2023-12-22,Garlic prices surge sharply: How long will it be a burden on household budgets? - Mint,Garlic prices surge sharply: How long will it be a burden on household budgets?    Mint,https://news.google.com/rss/articles/CBMizgFBVV95cUxPQVpBdXZNS0EwcFE5eVhiVE96QlNjWldqbElKbkY5NWxyVTV1czhmS3pvVEFXY1hKd1h1eldWUzlJbjBvc0hENERfMXR6YXFRdkJEYmg1blkwNC1saU9kVnR2UkFXdXB6eXRIcTBfUm94dmIyLVlYRTdKUDdQSU9GVlFmLW5CNzRrVlF3UFNfVWcxR3RMNUlpaHkydi11eFNlZ3NMSkFQUWo3TXNwLVZKeUwxb1FEc3A3eERkZWtxSDJYOVlIb19Bc3cwSXMyZ9IB0wFBVV95cUxQbktVUWh6RmVHTXRsM1lVdmVud20yWlVGYXdMSjFyUW04SEFIa0NSdHlxZG50QXNxb2RlZ29QUUhtUmRoMWs1b25UVTlYdmI0TDE5VmNUU3BPaEdxOFBsNV80UkdrZDZHZkQ5NWNmX3RfRFpaa2NGZDJmWHdaQnpVWWpoOEF3YVNfQlB6RGNVOXhBU0hVWU1HUGR5aGtOQzlNaW9PcTdzZi1lZDIxdDRocXdrcnRoSHdqUGp6cXJYQy11VVl0REs3YkkzcnVsVzZHOGww?oc=5,2026-05-03
google_en_garlic_crop,2023-12-21,"Why garlic prices are up, and will stay high for some time - The Indian Express","Why garlic prices are up, and will stay high for some time    The Indian Express",https://news.google.com/rss/articles/CBMirwFBVV95cUxPS3hybGZzNjk1X3ZwZ3pOWE1id1hCbkRpeFo5SllvdVdZZDBfc2Nlam9DVENiSEdIM015OUdjUVJmdXNCVXhpRWZrUHp5a0JYcEEzMk40V0JFNTFwOW13LUVPZUxGYUJqVXhRTzYxRWJZb0NMWGFQSEE4YXFzbzdDcndVdHRDTm43R0sybTNMdDJiS3VWR2lXQmQxakJidEJKUzY2OTJ2cE5UTDFKRkU00gG2AUFVX3lxTE9zRDBFTzZuN0l5VHFDcTNDTkZGaFk1R202aFBBVkl1eDN3Xy1WZkNIUTFWQmpSNjlJY3pQbDRMWGpMNXpTcnRZRklVWEpyeThTbzBWekR4amJnWW1oV1kyUGdxT1BMOWRmSllIRV9IVXNNUjBHWnFjRnVhY3JGSE83RmN2OHVYWjNEOXVWNzlGemhRdERSNXBTUTVZalo5c25yUVBwal8tRW9hQS1yV3prRXl5Smp3?oc=5,2026-05-03
google_en_garlic_crop,2023-12-13,"After onion, it’s garlic’s turn to bite - The Indian Express","After onion, it’s garlic’s turn to bite    The Indian Express",https://news.google.com/rss/articles/CBMieEFVX3lxTE5wVFRqY3Y2bVdSVWw5NHB6WTZuMHVHYjZoV0M2a1o0REU2Z3BWSmQ4MDFlbjJTUVY3dzNpUms1YW1wX2NSSVN2MXRmQTZqYzc3d0tOa3VZRDNTa2Y2U25DMmRRRTk1NjRWd0lOWF81Sm1PM2NkMHVDbNIBf0FVX3lxTE8yMmswSjhackU3dV93Y2t0V3V6a3dWRHQwbE5LYjRJNXY0eFVsOThfc0dJNWtHbkktVVpSZ2Jxc2NnRHNyLWJEa2pzTWYwYWRMSmJ0TXBET01HUVpDeWtlMExsLXcxZXpzT2pRSU5wdFd3a1dSR2N4bVNtODlOeEU?oc=5,2026-05-03
google_en_garlic_crop,2023-12-12,Karnataka: Kitchens struggle as garlic price touches Rs 400/kg - The Siasat Daily,Karnataka: Kitchens struggle as garlic price touches Rs 400/kg    The Siasat Daily,https://news.google.com/rss/articles/CBMimAFBVV95cUxPQk42SmNBOU5yVGNsV3NXbGhLSUpsUE41XzlqTm1EYVJ3U3haWUVnRkR2YVVVanNIRXdLYUxpUVJyWlVrUTJtRVd3VjRfbnZoVHNCTkFrUFJRMm1PaU84cGhjN0VVZENrOE5fNlJFV1FjZW9wc3A5VXpieVJXRVA0alNYbENZZjBWa1d2eE5vWG1KcUxsdTU3T9IBngFBVV95cUxONzhlS1FMZ09KWjJmV0xNRXQtS3JRdnVjd3lXQXN5czVMV3BDeWxzclZrUlZtdmVQZEtLd1YtLTNzQzZ1MGtfbzV2dnl6NXhLdFBFNEkxMGxSeFd5UUtGOUxSMWE3TWZhQXAzNVNOOXpVQkthSFRRUWE1Ri0xQWpvRXFLWnIyaWh2ODhqWWdoWWY1SWhWZGVBRkp3Z0d4QQ?oc=5,2026-05-03
google_en_garlic,2023-12-12,"Garlic Now Gets Costlier After Onions & Tomatoes, Prices Hit Rs 400/kg - Krishi Jagran","Garlic Now Gets Costlier After Onions & Tomatoes, Prices Hit Rs 400/kg    Krishi Jagran",https://news.google.com/rss/articles/CBMingFBVV95cUxQRl9OcGJ0QXV4QzZTR29ZdFJtTzd6Umc0bmkxUl93WVlrMGhhVjFCMV93a1lXS1lvdzFXWnE1anhsSEdJdnpSRDNDMXVFSUx5c0t6VWxNcDVYSmpSSGhsZk12LWdCTm9FSXB1ZHRuSVNJdDdmOTJ1UXlIZkFkbWQyN0d5Tkp1czM3MVBWajc0a01Ea2Y2MVppRHZDenNhZ9IBpgFBVV95cUxQYUU5VlR0czZZLVpwRnNnMVc3T0praEtiUTBqaDU3SjZ6VVRveXdzT1pLZFU5Ymk1Y1c4V3FrR3E3eG9QLW9PamZmaldwbktOV0tmY2hhd2ZzN1pYcl9QUTMwU0NVeHFmQVh3czhhMGZYeFZ1aWxlclQtTFdFMmNmWVVuVTNrOUl0cjVyNmVqR25MN0NDXzUxY2FiLXhHd19GM19iUWFn?oc=5,2026-05-03
google_en_china_garlic,2023-12-09,FY24 to mark yet another year of record garlic exports from India - Moneycontrol.com,FY24 to mark yet another year of record garlic exports from India    Moneycontrol.com,https://news.google.com/rss/articles/CBMivwFBVV95cUxNNDhCWkM1ZTZUYW8xTzFRMTl1QlYzczV5UFpTd0J2eG9PbzJ5WmNXYTBXVmpMdVJmdkJKQWVRUlRfbzlsUnRISjdVQ2dIUFVTMThLTFViTFcxNW41VmFWSGJ5bHpTaDVwLVd0LVNub201Q1BCNG5UeGZTVjhtMVpMOGpTeGM3WnRhdUF3Mk9lc2NKYnhjY3hELWJWWG9CQXJzQUJCak1kSUltZ1pFX0s0R3BBVTJuWmh3cXB6ZkZ0WdIBxAFBVV95cUxNQ3FBcDNaYk5meXRjVnE1NWhBbXZtbkFIY0xoM1RQVFlzVW1XSEtpcTlxS195N0Z1Q3lhRVpqQjVDOFBKQVlkUklTMkl1MUhjTEFXWkgxMU1Da3NXUDkycmF3RlI5akVGWUd4STQwMG9MalcwTzM4YUpMcDY2MWVQRGlpVHEtT2hPdTVIb2lsejM2dXQzd0lVZFU1anN4R19IVmZfZFBIaG8xNm9TRm1EclUxWm5yMTJBbTZMWDBXTTZZVWdh?oc=5,2026-05-03
google_en_garlic_crop,2023-12-06,Cheaper Chinese garlic gives local exporters a tough time - The Times of India,Cheaper Chinese garlic gives local exporters a tough time    The Times of India,https://news.google.com/rss/articles/CBMi3wFBVV95cUxQcWdGazNJVnJ0N2NsN2VVX0d3SmNOWmM2WVNKcnNhRVpySVpZZnB6WmpMZF9pRzM1LTlsR01iS1hsU2JVcFNWNVBJOExwVVpYZ3lyanc1Tk10UDJmMGMtRzd3VEp6MUdrT1ZzU0V2ZWlNMm96eFNlVTZhelVwcnBzd0dBUjBBOHZnREdwempFQkNvUmNqMXRmOWNDb3k0R2hZYmwxNXZIeXE1SFFiUXktbWxiQnBmTDBlUTdRUUFkaW92WEdyM0lUODg0ZkRWUEwwbGNIa2ZaZ3dsY1NTQTh30gHkAUFVX3lxTFBGX3JCNC1DRWl2WGxwaHJmbXp4QTdEOEEtMVp3azhGUTB3UTZjdV9kNE44dmFKMGNrNU5qM1hOQXkxNW9NR096V2pROWN2T0RFa0pYWWt6ODQtYmR2YUJiQnU1aVZPbmdpM3EyZFhITGMyZUhsajhwMGotSXkxWk1peElmd1czT3ZjMDMtby04SHVvU2RFYmpGTWF6SkdkZHJYblJkTDhmblkydTFWYU1NZHdwOEgyVVJnaTJ6V21GSldlOFVmQkxfTmVnY2RiTW01SEU4d0Y1RnowbnY5Vlo0bWpRZw?oc=5,2026-05-03
google_en_garlic_exp,2023-09-25,"Indian Spices, Spices Manufacturers and Exporters in India - IBEF","Indian Spices, Spices Manufacturers and Exporters in India    IBEF",https://news.google.com/rss/articles/CBMiXkFVX3lxTE81MGZXV0QydlpuOWJsUEZPa2pKazBYdWxpMXMxei1jSzhTb09pNjllY2RkclhmTmExQTFZQmpuNEV1UHJtWkp0RU53M3RDTEVDV3RhQy16a2dENGM3WUE?oc=5,2026-05-03
google_en_garlic,2023-07-13,Costly vegetable prices push up retail inflation; CPI hits three-month high - The New Indian Express,Costly vegetable prices push up retail inflation; CPI hits three-month high    The New Indian Express,https://news.google.com/rss/articles/CBMi1AFBVV95cUxQVk5IejVZMmRwYlUxTFVOT0dDNTNuV1ZNOEU2dEg1Y1JSU0E4blpnTVlDVGNXRzlaLVdfdGtrNDJTVHVKbGZ6R3lmMDcwT3o5TGNKZ2JENjVOWEU0RzBVTGtNcUtmd0tOTTZBaUlmS1FLdVQyNEo1eWNDZUtiWWh0RTNJVHlIcEZneUlJa1JEcDJxMHlnWWhIWGZvdUNDX0g3OHNBdm91Si1nZEZzUVZ3UjFwV1hlZi1pT1pRc0dlTlpTYVVfQkF5MEpJczJZY1VSNWk1a9IB4gFBVV95cUxQZm9GWkNWN1pDeERUakhra3docFB3akxGLXVkSW1uZnhKSzdfNWM0R1hiSTZEQW1yVmx4LVBRN3VYeUxadGYxT2lOZzc0OFQ5a1JMUUJib0tySzd3LVBwU2JDb2dGZzF1aEdMaUF4MmZIQVlucmQ0ZWJoZkZTVWVrV2U2NGtlMlllU01IOWJHbnVLdWRwS3pJdUZrNHEyay1oUHh2T1BlYXJaM0NXQzVEMnNRZE5LQUk5Y1ZpV2E1c01YSk1FcFFRaDBaMGlaRlFHcWU3MEtNbE5oSFNnbEg4Qy13?oc=5,2026-05-03
google_en_china_garlic,2023-02-22,"Philippines: After spike in onion prices, garlic is next — now at $7.26 per kg - Gulf News","Philippines: After spike in onion prices, garlic is next — now at $7.26 per kg    Gulf News",https://news.google.com/rss/articles/CBMizgFBVV95cUxNeWF2S1JRN2tKTGxaaEIyNk1HQS1wRm90NnhDZUdzbHhlWFM1ZFZtenpTNTVwWi1iWlRLbmM1N20yN0xDS1JjbllOQTUwakl2MEdpUHNnSHVhNDNpWGpvNXpIWEJ2NTlabUF2c1EzVzB3WlNlbWRBVFJPZzRjTC1nNkdaMDhqeXNRNlp3Q2dWcnBjZWdPa3AwX2F6YkN2dTJadmJYVzA5SF9odTRrVEIzWWZCaFlWMkxaYThxa0pQeHg2S0Jrak5jR21kT3I4QdIB4wFBVV95cUxQX0k4dzhNQzhnWHJXZU5rdzh4NU1CRWRMWHNieW5yS0l3bldaNENCSHBHYkNncU04NnFObjBlTUFySVNLek1nWnowREx0VmxEZGlpdDJPNjN4ckNfTHFaN3d4cHVPZS04RHBDZTI1U2Z4U0NCdGF2TGRVeGZnbndkRExLSWc4Z29oTDVYaFVyNzZQYnFFVlprWXU0SDVRSS1mWFltYVFRT1Z5bkVjRFRpTTZZY2hNZDd2Y2lLM0l1T0FpcEdVOHZNTGtRZHpCMW1XWXFMVUNaUVV2WlVfaUdCZ2lIRQ?oc=5,2026-05-03
google_en_china_garlic,2023-02-15,Philippine Garlic Prices Go Sky-High - Produce Report,Philippine Garlic Prices Go Sky-High    Produce Report,https://news.google.com/rss/articles/CBMif0FVX3lxTE8xVEEwR0NoQjJVMVRoXzVnVTFzajN2SFM2T2xrR2RsSTEwYThSN2ZPbEJYSUZWUWxja3FwaXdOMUowaXJNemVJdzJPN1M1TzhWZ1RoLWVERUczbjJ6aExnWF8tU0Jab1VzWmhzSVM3dFNHUUhTRkNUdC1lanI2eTA?oc=5,2026-05-03
google_en_china_garlic,2023-01-16,"Carrots, onions, and garlic of Egypt - how will the shrinking Russian economy affect exports? Analytics by EastFruit (Part II) - EastFruit","Carrots, onions, and garlic of Egypt - how will the shrinking Russian economy affect exports? Analytics by EastFruit (Part II)    EastFruit",https://news.google.com/rss/articles/CBMihAJBVV95cUxNcTJ5VEZiNXpIelVZSmJwcmNaNXNndWZ2djlJYTZOV3o2ejE3bjRMbm05ak1Wb1JXSWI5enVzSzVuY0JaQ3dwdzk3RDg2ZjJXRVFJSTZvdld1U0hMWXZVMG1nMDk1ZzU0QjVXT0tHU2ZZNGdsalNTZGdWYW0zODFnVTVIUDhDRW1Da01MX01mMVhHXzY1VV9nZXkxNU5VNkZibTh2bUx4Z0VIY3VWbGFVbTJzVzJ4ZkR0ZXlwQW1YQ3RVekRSQ2l6aVQ2dV9hQnRBeWtadlM2emVNZk54M21oRVhfdU9jdWN0M29tSzk1SFFxZGVVenRuMEstSGtENUFlOVZXUQ?oc=5,2026-05-03
google_en_garlic,2022-09-05,"Why India’s Stressed Farmers Have Restarted Protests: Modi Repealed Laws, But His Grand Promise Has Failed - article-14.com","Why India’s Stressed Farmers Have Restarted Protests: Modi Repealed Laws, But His Grand Promise Has Failed    article-14.com",https://news.google.com/rss/articles/CBMi3wFBVV95cUxQU3l5OGFhdHhmT0ZEZjdwVk16d3FlQUZKT3U1Ry1aUFNHQzdwdkF3eS1zUWxWamozaFdCLWFBRnBtcGlUZzlpM2dYS3E0REpVNVNELUt4Z0NlTWhUT0lzR3l4VFFHSHl1OFA1YjZBSFlmM2JsQ2V0QUhhRW5CNDNjdE9ibTRfTUZaVThOa2pzMUFXRC1kb2lxQ3JmU3JxSDVXZDdDV0VSd1JTd3dBd09fMFF5dHhLa0dUUXFranNvY3dqQlAzWTY5ZTN3MF9FY3kzeXNnU3FPQV81czdlakkw?oc=5,2026-05-03
google_en_china_garlic,2022-09-01,"""Export price of Chinese garlic is slightly lower than last year, but the onion price doubled"" - FreshPlaza","""Export price of Chinese garlic is slightly lower than last year, but the onion price doubled""    FreshPlaza",https://news.google.com/rss/articles/CBMi1wFBVV95cUxQZmtuRkREc2U4OGNMRDZhOWM1WEJDN20zZ0lCZUVJQTZUWjVGd09sc2ZmZmZNYkllVVRHM295ODVsakRzN1RsOGtlSkJDYkVHRWtYNG96SEtwZGw0NkQyT0tQc2hwdkZTMG95YzZjMnhjWTY2SENnMGY3MTFRNmZBMTczci1RajBTbHpmNjEtQmllWXJEWlpYZUdEdGptZ0I5MGxBVEVlS012VENhbGlFRGpWWjFxQ1BFcmQxVVNvMEJPeEx0Y0NKc1pxVk1yeVJmUlI1dDdodw?oc=5,2026-05-03
google_en_garlic,2022-08-22,Why are Madhya Pradesh farmers throwing away their garlic crops? - Down To Earth,Why are Madhya Pradesh farmers throwing away their garlic crops?    Down To Earth,https://news.google.com/rss/articles/CBMiswFBVV95cUxQckEzaFdmSDNCNlloc09QbEJTckQ5WEliOVlRTDdnN29hNW8yRHNaV2tRenZUSkhVSXdISXZJSWhobG8xTm1XNUd6WTZxbzFlaWRfalotMHNvZ2hyOUg0WHJrNU9MVmNiTlpzaGNBamVRRGpKazMwM0hJMm5ZRDF0c2dtTFB5NGJia2xXRE80VmFTbFVpczBjaVI2SjBsLTVzVmludTduVlVlSXpyWU5FcjNCRdIBwAFBVV95cUxOMmNfNTJuYWY5aHNGaTdRZEdTQ0lPNXZ4ckdiUjhPeVA5bmVGQjhSeks5d19aQWdJLWloVV9PZkVjOGVmQ2p5RnJPRFc0QnVBMUxCTDNZVkxvNVc4UGZ3ZFFjNlFPOUNEc3BPSExXQ0VCMVhCLUNPVGFkd1FSRkRINXhBcXFSVHhCc3pCNXlQbGNEVU05cjBXYkZZbUFvUlZsdUROcGpSdGwwdjVTRFpQdERSZHhZTVc4RlhFZzMzT0o?oc=5,2026-05-03
google_en_garlic,2022-05-25,Ground report from Delhi’s wholesale markets: Why vegetable sales have dropped in India this summer - Down To Earth,Ground report from Delhi’s wholesale markets: Why vegetable sales have dropped in India this summer    Down To Earth,https://news.google.com/rss/articles/CBMi2wFBVV95cUxORFhDc29aZVJVaEVRcXczclAzamlCT2VtX1RmWmFkSHRzTy1lbWxZODJTblQwN2ZFdTlRTWhJOVRkcUZKclhVVDhfVFZYdVQzQVJMbURQN1ZJUWxDNzBsbHUwVTlXenBCdnVhM1BZbFVzT3Z1UnlOMjZ2SEdXT0l2Yi1rQlFfWC1hMm5uaDJhUTVscnYxRzlxUDdTeHpnUHNUNkRmU2JIejNsT0xVTXNjZWRuQy1RVG10b2JaOE9CaUktN3ZmbkQyNEVqSV9aUnl1SG5EVUdsOUF4bDDSAegBQVVfeXFMTlprSV9rWTdQSENJXzdXZUtpS1dfckhQa0h5X21OelFDSVQ0ZUVvSndOSi0wZFU5Q1VtU2p4Qy1TRUx3SktueDJ0WWVkYS1naUlSQVJzNTJ5R2FDX1VDM0F3UVhLdzFlTHFzRkUwQW44ajJ3UGxlclExRXBLTjFtUWNzNTVLWTdsZ1BKUVhvSFY2SjNfY2hhNmVySWNOMjZxQnJ5R1VJeHRlNWhUdHpQVTZvOXhoNTlMcm5fcGRWeDY0WkZ3TGZVN2tpQ3NMYkdJdUlmVU5EZm5tczMtekxKblA3V0Q0M0c0TA?oc=5,2026-05-03
google_en_china_garlic,2022-01-26,"""Chinese garlic price begins to rise as overseas markets stock up"" - FreshPlaza","""Chinese garlic price begins to rise as overseas markets stock up""    FreshPlaza",https://news.google.com/rss/articles/CBMivwFBVV95cUxQekRvSUd3dVJidm1remtvclQyZHZUeHMwN3hURG9nVzNjdFd6WTdaZC1HRm1Kc0hLNkNySnRDbmJJNzdUeF9za3o4YXNjMm5WRnZMZFRya3RkV1hTclY4TWl3d3hNckdiM3hQWVRpODRUM0EwRkswUXc4NHJCbGZLZkl3TTJmeEZNUjZnVGYxVkFnRUgzTkR6SGlIY3NqeTdDLVBYYVFqYTRKZG5QdHhQeS1oT0tiMlJtNmktREFHcw?oc=5,2026-05-03
google_en_garlic,2021-12-20,"Upset at low price, MP farmer sets dozens of kilos of garlic on fire | India News - Hindustan Times","Upset at low price, MP farmer sets dozens of kilos of garlic on fire | India News    Hindustan Times",https://news.google.com/rss/articles/CBMiygFBVV95cUxPUXEtcDEzRG1CTUFoT0JIUzhYOUlJZGdGdUx4bV93RkFka19MX2NmaU5zRGxOMEhrVVgxNEs4SVFUelgyZU9FZ3QtbFVOajhKMEJBdGctQktUZkZJNmVzeVI1Y1FtREhoMFo3OXlJRS1zZFRvWWF3ZUZBVU9QU2w1TUpnOHBlRFF6WDhyMmE1cEh6X1dsX19zVXVvMHNLMWpxVmZ6c3RIWjZBNWRnZExjbWNkXzNPRUw0MExZZndST3B6MVI0VG1YOHV30gHPAUFVX3lxTFBDQzFyTGluNWdLcU1QRFJUZGxBS1pnSUxzaEhBcWh3TVVfcFVKR09zTHpPMjFocU5DMVJ6a0FFVE5jTTQ1WklSaE82ZkxzLUFsMUtQaldoQllDSlR5UkxseWR4RkZHSDVpUFZ0aDFaWWowRVhzczZ0YWRyaVZ4UG9YU2VxVmJEM2pDYnNwcUIyVmdDSTZRQV9pYUJ2ZDNUT3k5T0xjSHFzNHF2WXRjeFcxbHY3YU9uRjRybGZQYW5TUnBvTnRsTXg5WjYweGdIYw?oc=5,2026-05-03
google_en_china_garlic,2021-07-08,Global Garlic Imports Surged But Record Chinese Exports Curb Price Growth - IndexBox,Global Garlic Imports Surged But Record Chinese Exports Curb Price Growth    IndexBox,https://news.google.com/rss/articles/CBMid0FVX3lxTE5tbHNJWU9RUHFEalpwdG9FYnY5THk1eHJnTUk3SEVhTkJtRjVpd1YycVloLWZ2SS1RWVZjMVJZeUpJTkxjam1vOVRGMmtFSktESEhqdjhiOGhvUHRBTWpORERpMDM2d1JtNGlPSVB4Nkw1cjF3WkJj?oc=5,2026-05-03
google_en_china_garlic,2021-02-13,Chinese Garlic Exports Hit 10-Year High - Produce Report,Chinese Garlic Exports Hit 10-Year High    Produce Report,https://news.google.com/rss/articles/CBMigwFBVV95cUxPWUlGbk8yaWQyWDJjbFdyS2JFZ0VISTRocFNqYktCMjF6RHdHM214RXZvTlZvbXhMaVJibkd4VHhpLThWLWJKUWhPX1loYVZkenQxbXg5bW4xbDBUVk9vaDV0NjVGcHVuUjhWX2VLOG03YjVUVXo3ZWpiV2lYSWZvMDMyWQ?oc=5,2026-05-03
google_en_garlic_exp,2021-02-11,"India Spices Market Size, Growth, Trends and Forecast 2034 - IMARC Group","India Spices Market Size, Growth, Trends and Forecast 2034    IMARC Group",https://news.google.com/rss/articles/CBMiWkFVX3lxTE9QdnZMaFNoTkI4RUJDRTdGTTZiQzlaaV9uVkxiMXYtVFFTcmEzY2k1eDM5QndHY01FdWhHTTU4QTNBbXlGNlozakozbjVpLWNJTl9ZVjQ4cEJCUQ?oc=5,2026-05-03
google_en_china_garlic,2020-11-27,OVERVIEW GLOBAL GARLIC MARKET - FreshPlaza,OVERVIEW GLOBAL GARLIC MARKET    FreshPlaza,https://news.google.com/rss/articles/CBMikAFBVV95cUxPZGZ1cW9McE5JcHlqMWdSTEZvRDdibVJUc2Rhd2RIQ1NPeURZTWZIekUzNlFWaHgxb2VUdEF2dWtWNndna2R4NGRKQWFWV2NlVFB3amhHQmZsQy1TOFhPUDdGSWdWTzZHTm5WekF2TFQyNG1nX0VLbEZLTThzMVB0SnEtbkFuVFNwZGNjeWR1RmI?oc=5,2026-05-03
google_en_china_garlic,2020-10-22,Export price of Chinese cold storage garlic shows strong recovery - FreshPlaza,Export price of Chinese cold storage garlic shows strong recovery    FreshPlaza,https://news.google.com/rss/articles/CBMiwAFBVV95cUxQZzNoc3hoQW5sZWtHN0JuWWJKWk51aTVxdnVoVVdPSUJpNTdjUWh1cHFvbERiVnRWT2xreVN4ZG9uRnNoY0plMzJZNTRvU0FtVkxXNktrem5sRHkxYkxCWVZIcHB2UnJMWDJJWWd6M2tuRnlLN3UyenJxRmFVQTJZMUpWRmpGZXhndGpYbEpQNmFZNFF0NlhMTFA3NEkyTUNmZ05QM0R1U3dHNTdHbTVnX2dUMENfZUpCTWg2VGFhYWM?oc=5,2026-05-03
google_en_garlic,2020-07-29,Commodity Prices & Arrivals in Ramganj Mandi Today - Krishi Jagran,Commodity Prices & Arrivals in Ramganj Mandi Today    Krishi Jagran,https://news.google.com/rss/articles/CBMikwFBVV95cUxPa1VCQi0xY3doTWJEVmM0YjVleUo2N2RpbWwyT3drZWJlbmx5TWpNTDVQS3ZTYkVrd1RmbjNqZHlNTWpPZXNMVDZRTk5lMF9XRVV5aHI1VTZhTy1NbWV4WlJRRkF2czhFMkFqSlpEajJqMWF1OXZEY29IemVSM0puZm9xSUllWjZJSjAyUFdBcG5nY2fSAZsBQVVfeXFMUHlYRzFfTmtmTFp4dnYxeGMwTThYeGFfNnF0WTlwUm9ZRUVQU2JMblFOajFsUl9IMkZaSmwxYkoyN1VPdmJoVGtOcHA2MVZybkMxR01sX0Q0eExBbF9IRUpKMGtaVkFzbDNUdFJEYm1TRUo5V09vWGNWaVE3Q3RGRVZVMUJnT2VrWDQ4OVpmazlhalVCY2ZwQWF0Tmc?oc=5,2026-05-03
google_en_china_garlic,2020-06-15,Chinese garlic prices show slight rise - FreshPlaza,Chinese garlic prices show slight rise    FreshPlaza,https://news.google.com/rss/articles/CBMikAFBVV95cUxQM2RRd1FTdWJTdzVIY1pHMmxIc2JLNTRSdHkxUS1aZDNqTjFQZ3pnTzFzbm5sdlkwOTRGX3Q4ODFLekVCWTg1NWdDNXAwZTFvTHhtelNhd2pDbE11Q3Rsa09VVDVUaWFHakdjdTk0ZXk2LTh6UU94bGRncFRMRDBrUjN4ckpCZE9NWDFIeWQzYUM?oc=5,2026-05-03
google_en_china_garlic,2020-05-04,"""Export price of Chinese garlic continues to fall"" - FreshPlaza","""Export price of Chinese garlic continues to fall""    FreshPlaza",https://news.google.com/rss/articles/CBMiqgFBVV95cUxOekYyVGNVbjRDcGVzU3Nwd1N4TjhzZnViRmdRSU1WQ2dUWWdaMGxENEdMR2RFOGFEWTNjbXdYaGtOTFRaUDhYTGdiSVBYSVlpUFo0RlpkcGkxektvSHZhODZCcEFvRTJvVWY2UkhyTzBKNjhFcU5ESmVEeF9Edk1lSDRvYm5PeEFLYVlFb2RVRkNnLXRBY2llVHZHX19sZ093Z1c3cjZXQ1hCUQ?oc=5,2026-05-03
google_en_china_garlic,2020-02-10,Garlic Prices Jump in Indonesia on Worries About Chinese Exports - Bloomberg.com,Garlic Prices Jump in Indonesia on Worries About Chinese Exports    Bloomberg.com,https://news.google.com/rss/articles/CBMitgFBVV95cUxNMHBCdGpoOU9iMHZGaDFrN1dZU2UwRlhiYjNIU1E1N3pyZ193Q0JEX19sODdTWFlLZ1d2YmlKSG9rQVBvQURvYUFlQ3BIU29DTzB2QWZHa1lPeW02S3JPcktVQmZQdUdIU2VrOEdnTUFIOWlBRGM1N3hFSzQ5ZHZKTmFpVEJoUzM3dnlmUXUwNTlUNU9hcVk2ekpGZHFPUENtYkw2STYyRjBNLS1wX2pKZEZTOEN0dw?oc=5,2026-05-03
google_en_china_garlic,2020-02-09,How the Coronavirus Outbreak in China May Affect the U.S. Garlic Market - Global Trade Magazine,How the Coronavirus Outbreak in China May Affect the U.S. Garlic Market    Global Trade Magazine,https://news.google.com/rss/articles/CBMipAFBVV95cUxQVEVZbGpmNUlwQ0dTYW1pVGR6ZDZLUDZOQXhDY0VSam1faHA3eGdlYVZUd2Y3bzMxNjh4bWlRRFc4ZHJkREJlWFVyYkpwTWxMNmhpZVNUMUVPY29GYUtkVTVHWW5BRE15emhxbzJsaHhYVmxqYlpHVnpsYzFyeU1TR3AtcWNIbEh3WEVoNmlCMHdQV1QwMndPVXlBa1hmeU9LcXZwaQ?oc=5,2026-05-03
google_en_garlic,2020-02-07,Garlic price soars to an all-time high - The Times of India,Garlic price soars to an all-time high    The Times of India,https://news.google.com/rss/articles/CBMiwgFBVV95cUxNNjNCNl9hTDlaOVJBWjhQOGFSU2M4bVEyRHZzejlCdmpaeGV5MGJQd1RqVnpTbmQxQ1I4MjVXNUJXSDVNUGd0bVNmcV9ZU3p2WGN5Wm9aTW5iQjRVTGNubVdMZHVGN3hMaUQ2OXJMa0dXN1dZd0s1ejA1SGhnRXVEeXYxZzh2QmliR3h2TjZiYVdvcXZFdUdkVnp1SWR1S1RtMjdwVnZsTHJRUHdkV2g5M3djSC1HdEw0YW9JS3JMUml6d9IBxwFBVV95cUxPM3BoUm1aQ2w0WVNyeHE5UlptZENVb3Zub3h0TGUtclVUek1pUWF6dXR5MzdiTG1RRjRseDBqNUZhVktod1FkQU1la2otcXZrb1o4dk1oY05xbWxGdF9oTXZrS0t3VGQxSHhvZVY3bVJYSVdpWHJFNGpRcTNyemdqSUw3dExxWEduOU5SSHE0dUtCaGJsUjZqUTVpclRXcHhERTNQY0ozT0hCTUlLWjNITUN4cFA4R0lmZEdFV3ctYXBhVzB3WlFj?oc=5,2026-05-03
google_en_china_garlic,2020-02-06,Garlic prices soar in Central Java as coronavirus hampers imports from China - The Jakarta Post,Garlic prices soar in Central Java as coronavirus hampers imports from China    The Jakarta Post,https://news.google.com/rss/articles/CBMixwFBVV95cUxOTW84emRrNFd5N2RId2tNUWxuZkQwTXVsZk5Vd043cF9LWVY3ejBRdDdtUXVIeEt3UDRYbXNyVlFMT1NnV2pnV2FtU3Raa290Q2FneVBnQnk4V3AwWlc0dFBIS054LUFBNGdXY1V3X19YeFBaMlJLY2NwWEhaSGpqbjZKeVM3aVJhMnhwX05PNTdsZkxKUl9zSWtGck5yUGxBMVVDbUtHYmhUdW40MEdJV01zWVZuTFVoSUYyMDhmRXBMSjNWVWZv?oc=5,2026-05-03
google_en_china_garlic,2020-01-15,"""Surface area of Chinese garlic farms in Shandong increased by 20% this season"" - FreshPlaza","""Surface area of Chinese garlic farms in Shandong increased by 20% this season""    FreshPlaza",https://news.google.com/rss/articles/CBMizwFBVV95cUxQeklUWDJTa20yQjFSZURLOTduZFQtOV9PUEZUU3pHTENJNGdVSjNOOVEwU3N1cnY0YWEwS1hKbDRpTGFCeUFjb3NuSjJFWVlGM0tyZk5CSnFxN2ZldW9qZzJ0SUpDZkJQRTk1QUVpa1NidkxDZ0R0NDEwbDEzdlZBTnZPcXZwdGpzNER0QVpTVFNBMm5hQ09uRnZ4OVNSN0ZBWnJnRmgwUHM3Z2kzUXJPRGFncDlYbWlMbGFnWV9FRk9qRnhDR19YVWMxNGpTQnM?oc=5,2026-05-03
google_en_china_garlic,2020-01-14,Prices of Chinese garlic in November 2019 rose and fell sharply - FreshPlaza,Prices of Chinese garlic in November 2019 rose and fell sharply    FreshPlaza,https://news.google.com/rss/articles/CBMivgFBVV95cUxQaERQQmx6Sms3SFJQU3c4aDhNMnlqeHBSQm05U285R2p2Y09NT3EzeUdlRTBCUDJkVW9zclctejR6c1A3NTlRN1FXWTdXUmZYUDhxS1dWOWJ4T3UzOGhDSXZuVjkydXN5QlkxUE0xX1Zqc0NKWTlabXR3UVdIcVp1QWVYdTQ3Rk54Z2FmMVhSV05xUzQ0WmQtNFlRalFuRzAtajBSbDluNUJDMzQxOER6UF9fTWlyT0dMbHJ6Z1FB?oc=5,2026-05-03
google_en_garlic,2019-12-28,Patna: Garlic leaves onion behind as price crosses Rs 200 per kg - The Times of India,Patna: Garlic leaves onion behind as price crosses Rs 200 per kg    The Times of India,https://news.google.com/rss/articles/CBMiyAFBVV95cUxQTjBqZXNjcU1rcGZlbHh2V05vcjhFclFmZmhtb3p5VW9pSWdZTXdGRDhibHprOVhCQXQ3VlFnZDhZZDdTUUw5bzJ1eUZveGtueG91TV8xZWlHbC1uX0E3WlRTRDJYVVRtVHZlZGVuZmQ1N0huRmhZLUp2VWd5NlhUVVhhREdzRjFzUWVJZHRLQ290Z2I0cF93U0lkOGhwcHZSQV80ZW94LXQxX1JiM25PaTlzdU5zckdoTVFVbkFNTEhaQVNaQ293N9IBzgFBVV95cUxNaHBDZ0RJZzUxaWliX3VTWGhaSFFhMTZHalliUFo4a0I0c2FlRDZiUzJYNG02VWpEZzlTeWFqRzZhYjVrZXplTEg4RlBwbmpxZlVSOEdVY215c3JpWndwQzZVSkp5ZHd2bkVvN0JBOHFjVVFXZ0MxMlVQOXBXYUxyWUtBelZRWVFrZjFoWUdIYWV6MkxTUXl6b3VIZGJyS2c1QkltYVYtXzdneTJiakUxcUtuX2JIanZzVUlNQlV2eUJsVE40WmFVUU1uRUZRdw?oc=5,2026-05-03
google_en_china_garlic,2019-12-12,"""Export price of Chinese garlic began to show downward trend this week"" - FreshPlaza","""Export price of Chinese garlic began to show downward trend this week""    FreshPlaza",https://news.google.com/rss/articles/CBMixgFBVV95cUxNUnhudWpNZEF1REtENHJQLWhmX0F2SjNIYUZuT29Da0p3dkhDZkJhUzRyMEltdXpjLXltYUprbE4wbnZZaGNHcFphSnJzUVVNOFFPeURYMFVHUWZYTjhQUnhYejZnUkctR3N4c2tHVTBjWmVnNXlFb0JmTkhHMTVpb3hEazR4X3R4ZjZVN0pXTG9yMGpLZ0tQNjlST3hjM3ZhXzA3dW9sZnRyVmwtRE5xY09wU0xYY3NwLTI0ZnhOaWxJT29wTVE?oc=5,2026-05-03
google_en_garlic,2019-10-23,Garlic prices surge sharply as rain hits supply; onion bounces back - Business Standard,Garlic prices surge sharply as rain hits supply; onion bounces back    Business Standard,https://news.google.com/rss/articles/CBMi0gFBVV95cUxPY3hiZ2FPU3lfRTlfSFBOVU9La2dPRUtYRVVXY3NEWkdpUVhfa2M0Ri1PS0pEemFNRkZ3VjBYejJEc3R6emh5cmFKbHBfLTNzbUN5dnJ1NDZJeU5td0RlbnFpS2lEMGJKdTIwOHFpQkN0WVJOaGliQXh3M2R4TXd1Rkt0a1VYaU13Y3ZJa2RSdGhsVDllTVdGSEd6NmEyaWEtOVMtaTNiR0laOW1JYmJhUzRCRU5MaDhpMkQ5aWpsbWJaMmZ0WXk5Z3pNeVJpZWctaXfSAdcBQVVfeXFMT0N3UmtyamNMMGx3aFFnazhiaVFpMlpwMFp3dFkzcFV2WXFKQU93Nm9hdVM5RFZWVmlaZ0Ribm9MX2xLSjRqcTFqdHA3WWR6RGRoUWtZT25oRkE4b2NYNTFjVnFIMEROQXYzeGJLVXk4dkUtdG51QkliZW1ITUZjM2QzeXhUSWFMaTR3eWRyS2IyUlkyVXE5U1RzSEVHZElSbXZWc0pLdkh3aXBRNXUwRG10V0JnQnVZYkIwd1J4MU9reEl2bnBQOG1iakdOWGszTzRjMlNnZ0k?oc=5,2026-05-03
google_en_china_garlic,2019-03-21,"""Export price of Chinese garlic came down last week"" - FreshPlaza","""Export price of Chinese garlic came down last week""    FreshPlaza",https://news.google.com/rss/articles/CBMirAFBVV95cUxNOTNRZUtzV3BETGc2UXIwbEM1ajY0RGp3VjFNX2pOVk1IWXFjbUhTMGZKRTlZRWlWOFp5LURYeWVpOHZ3Uk80TExvelFTZEgwMUVSUk5jUTVVQ2NxZTF5eGdkdVdHbkFlRDdRb1QwS3h6eWsyb3VZX1g1ejFTeS0wcnBORzFyVGwtbDRjeEV5SmFtZURyeHpBVnhLMU1USFBJNlB5RFp4ZnFQZmlt?oc=5,2026-05-03
google_en_china_garlic,2019-03-19,Low demand in Italy and all over Europe for Chinese garlic - FreshPlaza,Low demand in Italy and all over Europe for Chinese garlic    FreshPlaza,https://news.google.com/rss/articles/CBMitwFBVV95cUxOdHJRTHN1ZzRaYmhTZUp1TXVSNlZGVUNrX3Z1eHRwdFo1N2ExaXh6X29hQ0JCSjZyalBWNDd3QzFhYTVlbm5GS1FSNklURmx0Q0pVU1I2WEZIRVNDbzNGQmhQb2x2SnBKRUcxWTRWRnhrdU1xU0tZX2d5TUpZaVpSOEZVNDlzY3NzbGpRV3dtclZnd0JIN0h1cmdHUzF4Ylh0TE4yNFkxaHNpeFFGWG11eDVGUHp2c00?oc=5,2026-05-03
google_en_garlic,2018-12-04,"Onion, garlic prices fall drastically in MP's Neemuch Mandi - Zee Business","Onion, garlic prices fall drastically in MP's Neemuch Mandi    Zee Business",https://news.google.com/rss/articles/CBMingFBVV95cUxPeUEwbTVHbEo2STF3UjIxUFBweTVlZE9nN3gyM0ptRk5iTHNHbDBlOVhSdkE2ekd0R2xIYnpTeXBiN2QwQlBldjY5Q1hsTjFxY0poRkhjU0czWWs0WXAxSENDUXIza2RhaFJwUU44cWRHQTBObFREZ2ZuY2xienVMak50a281S095QkZXc1o4NktBZVNMRE5BRGM1TWs1UQ?oc=5,2026-05-03
google_en_garlic,2018-06-15,"As garlic prices drop, government intervention in Rajasthan, MP brings farmers little relief - Scroll.in","As garlic prices drop, government intervention in Rajasthan, MP brings farmers little relief    Scroll.in",https://news.google.com/rss/articles/CBMiywFBVV95cUxOOWxLMHhURThuQnNPeEV3XzM2V0RXM2oyc1pOV2VncDY3S0NkRjBWUFRFdUpxdnJxOXhINVRyOVpPSzIxSnJDZjR4SXZzVkFIenBPTGZXQTRsU0JNcmR4Y1hpMlRfV2NXNG9nS0lRMWw2RHVQNDJaQ3RTanh1OGU0NGM2QURqMUR0YVdQUkdSaGdSdGhYeUg4dTEtTGlXeUI4VjEzLXhmMUVKM0d2RjJESmk2UTFPcjRfdmRER282allieWdWYkc3TkZ5TdIB0AFBVV95cUxNRDMzOC1HMG1BSjJLNHdURzVzelhqT2kyeEJPZk1qcHhDdHFXNmNtRlZINDJuNXI2MEVCel9STDJhdTdRVWN5RDZQMVdJTE1aZHRvRWZTZzJsRF9RYTl1Y3ZNNFNRSTllZzdCQm9HdDJxTndvbmxKNklWbl9QeEZrdGxkLTVHQUtXQV9UaGp3MUtobjh6bG81SXhsS0Nzd09FWlM3WXNCSXNVcTk4clRpa1l3UXR2N3hqczRSbkNCVjYtOV9ONzFIQ0o5UkdRMlk5?oc=5,2026-05-03
google_en_garlic,2018-06-08,Sharp garlic price drop leaves Mandsaur farmers with a bitter taste - Business Standard,Sharp garlic price drop leaves Mandsaur farmers with a bitter taste    Business Standard,https://news.google.com/rss/articles/CBMi2wFBVV95cUxQdl9jbU9VYzdkRUM1U181cDB0blhEckVXY1Y5R3NRU3h0cTY2SG5NNkh0T19NbzkyUmdQWXdhak40MV9iTjlWd1FzQ3l4RWRnQkEwVk00NXQ0VDNxY2FJZVVGaWxpOHVTbmNlU0w1ZEVLT2RCa1VsSkRiUGs1QWdjbFVDS3hMMjQybUJUV0c4M0s0UHRWX3FGRktMbWtmS2xoRGhoS2sza2ZzdXVFRW1nODljSVFSaU4zUDJIOFlobl9kYTB6bFVtaUtKdVdLYzNHUmh3aThmTjdnVW_SAeABQVVfeXFMTXQtZG8wNmduOHExLXhhaGNVN1NnMnpidlRra2h5cm5fcTI2Zlkybk82V2VLWkxSNHB1SHVFV2lqUVg4YmNqVE9vbDJFZ0gzSEl6eHhTUS0wVEtKRVlhdHY1TEo2NWhhSUZJQ0dLOWpqdFVxd1pFRTlPdURHWnlWTHlXdDBYbGZ3SEUtRGFyd2xCNWlVUUJkTlN0VDJZYlJibWVmVmRhV1VCTzY3SjZtdXRDY0pTM3JwU19pMkV5MzJpY2FZNTJNclVmbkZ6XzBQa09WeEF2QW1DVjExcVdjaTE?oc=5,2026-05-03
google_en_garlic,2018-06-01,"Mandsaur’s Story: One Year After Farmer Protests, How Is Madhya Pradesh’s Spice Basket Faring? - Swarajyamag","Mandsaur’s Story: One Year After Farmer Protests, How Is Madhya Pradesh’s Spice Basket Faring?    Swarajyamag",https://news.google.com/rss/articles/CBMivAFBVV95cUxPZ1pQWERFVzMzTlEwRTRBQVJTbzhBUEVFZU1JenQtRVhjRnlvZ0lrY2xocG9LNDZRSXRKQWs0VkE1MEFsSWNNdzd5bGluVkplWnV4SGN1c0pzVndNdklKaUQwMUFaSm9FQmFnUHUzbV9GZnNrZGNndkJyYWNjZG0wakxiTGwxd21rNkoyZUdEeXdRTkJHRWUwYnNmLXhObmM0aWRUSlJ0NXNNTFhSbFJ5OWxHSlZ6bzU2YUhxQdIBzAFBVV95cUxNWU00UGNocTlUdTBmWnRhMVRSbjZYQ2tBbjJXbEQwRFBxVDdDa3B2bDV4a3pPQXE3c010d1dNZjFKV24xaG5sYVMzRWZidlFhSHRWZEhoUDh0MEsxOWlhbTcxU0hyTzg4TER2a1JvVnV6aDl2djJwY2Z2bUcwbDA4Rkw5cHhuQm5vNzBTdGZmRnNKdlRaZWYwM1NENXJaejBKSzkyekU3QnVtUi1JNXBfTHVfZGZDamZvT1BjOVFybXdvMGRBOHh0ZGJaaTA?oc=5,2026-05-03
google_en_china_garlic,2018-05-16,Monthly U.S. dried garlic trade spiked temporarily in 2016/17 - USDA (.gov),Monthly U.S. dried garlic trade spiked temporarily in 2016/17    USDA (.gov),https://news.google.com/rss/articles/CBMigAFBVV95cUxPQnhSRWtNX3k5UTJ5a282OERoZ2hLeW93eFQ1d1hZTGJNa2otLXBDRllsMlBmREFFX2xPbTRpMV9hNFJ6WC05MnNqT2VqZlRkY1pLSzZxVGNQS2NzUE9kZmJlVDRlTVJVb2RpLXhHWG1XM1IxM203OEhQLVJqM0tOcg?oc=5,2026-05-03
google_en_garlic,2018-05-07,"Garlic prices crash, upset farmers want support price - Telegraph India","Garlic prices crash, upset farmers want support price    Telegraph India",https://news.google.com/rss/articles/CBMiowFBVV95cUxObXN5QXZZVXZQbjJRZWlHenFZUVNuRFpVd1IzdzJqcVBEZ1ZHZmNHaDBsWlU2bklIR2d6Tm5oZktsbUYwMHNtS0hwRmp0aWU4YlBlb3NZaWV2Z0tXRWZNRTdzSjdUYmVkOGJ1QmtJdWlvZDFvclpMX1ViWmszbmVzWlRCaVZvcmZtd01Fc1lVcFNmX0k3aFhwVF9kN282eE1lZHBv?oc=5,2026-05-03
google_en_garlic,2018-05-06,Farmer unrest surfaces in MP again as garlic prices plunge | Hindustan Times - Hindustan Times,Farmer unrest surfaces in MP again as garlic prices plunge | Hindustan Times    Hindustan Times,https://news.google.com/rss/articles/CBMiygFBVV95cUxPTmg1Ry1RaFVkSnRWUnIzMVBtTUdlS3FGa01HNzRxcHByV2VVME5NQUw1cGZVUXk0ZUlHNW1EY0J5UmRrWHFxSVJSM3BjYUt5enRTOXNMSEl2V0h5a3dCTFoydXVNTjg5dEpFOTlHZmlVUVFRWnJCdS1Ha3JheXM3alBzc2FELUJ4OFd6VENyY1RRZ3dsdkVaUjhVeVFGb3I5UE1jb0hzUS16WXN4WEJ4bER4bG41Y2p6Ykk3WFpvM1dDcW5JTTQ3X3NR0gHPAUFVX3lxTE9neGlza3R5U3lDOC1kb3QxV2hWbjFURExpbUI2ZWpGM0ctRnRaOURZX0gxYmlyVEhfaG9FRFFHemxremszSm1vTFNKbEpLSkttZ2UwRWhrT0p4c1VIWTBVdThKdlg5VWxxelVERkVvbjkxdnJSWkJtZWhHXzIzbGRXSWI3aWlHTk1CM1pKeW8xZVVwVFppUmR1OTFhZ3RRX0FoY1lPXzEta1oxd0d6Rng4Ylk1Wkh2TUNhQ0k2OE1YUlZSdms3dkdOQ3ZyQUVpVQ?oc=5,2026-05-03
google_en_china_garlic,2017-02-26,"New Garlic Crop Coming Soon, Prices Begin to Fall in China - Produce Report","New Garlic Crop Coming Soon, Prices Begin to Fall in China    Produce Report",https://news.google.com/rss/articles/CBMikwFBVV95cUxNWnlsRmZpbm9aLU42OGMwdjZOdDJSZWkxVTlaam14R3kyVndjcUd4WjV5TmdQQ2REVlhxVUVxSDRidThWQjM3cER3RVZlWmszVzUwV285eEJJazA4RXlVenkxQzh1S0xRam10bnkzNDdsLV9EV0R2WmQ1eEd4TDlsNmVoMG92RXlpall0ZFIza1dGcHM?oc=5,2026-05-03
google_en_garlic_crop,2015-01-20,Garlic price surges on seasonal demand - Business Standard,Garlic price surges on seasonal demand    Business Standard,https://news.google.com/rss/articles/CBMirAFBVV95cUxOMHhZX21pMVkyWnZLQTB2c1gxRG94djNtcVFMQlhpQ29yUzhiYmtQRmRGT3ZMN2l5eWdFdXJ4OFVPYV9VbTByVmZCTDRXdzhHamJXLWFjTERNTWJWVFAyT3k3dHA5WUNnRXdBSkd3QWRyVTljTXpPNzB6TlFjVWtVUzl1anVQWlRuV0Jmd2dxd0UzcFlxZTJMRFFuS2Z2Q0MyMEZRLTZSb0ZLMHZU0gGyAUFVX3lxTE1Md0stT0ZZMjBiYUN2WTV3SFNlenVzNnY3bVUxSGhxaGdsS1BTdmhpMEJFNk41T2x1ZmtQU0JyMnZPRlM2ZHJJRW1oRk93aFp1b2lUZzNLTEx3T3ZpTE1pb2RhVHZXcHVpeTQ5NjlFYzF1T0gyOXRNZVB4Y28tUFhiNWltZnRWQ1U5T09FUFF3SUdDWTBEbEtjZ0N5VURpZ3g2Z19DNWtYOXJtYlpNcWh4TFE?oc=5,2026-05-03
google_en_china_garlic,2014-08-25,Spain: Imbalance between supply and demand in garlic markets - FreshPlaza,Spain: Imbalance between supply and demand in garlic markets    FreshPlaza,https://news.google.com/rss/articles/CBMiuAFBVV95cUxQa2haME9LTmEtSDg0ck9rUlJjQjBITzlNZDVCbzFJZ3ZESEFGazdpYnU2ZVU2Wnk2UU9CSFNpcDg4OUdFMDJRUXBTXzVGd3VRdV9JRGluWUpXaW0tbHNabncwVGpia1hQRnl0d0pJLWpNWlVtc1Q0d21LYUZ2X0R0TEJtSDdwbjdfM1VuMkMwZXN5ZHl2Q0NuYmc5bGQxWjZjeXc0QkFMR2xfVGVDRFhBc1Q0eXhFRkdH?oc=5,2026-05-03
google_en_garlic,2014-02-04,Vegetable prices see marginal rise in Delhi due to mandi strike - Business Standard,Vegetable prices see marginal rise in Delhi due to mandi strike    Business Standard,https://news.google.com/rss/articles/CBMi2AFBVV95cUxNTHhpbEg0SEJyaktVNjFNa2kyOTBKRWFHVGRmYnRncVRFU25HVTl5UjEtcEhHdEE1UU9aVktVTXJjWGY2dlVUbTVSbDR4ZW1MRm9yZ2xzRUtRN1hvTlc4OXlOOHJGbEJLcDROYktKUlB4NFZNSzNLMXVPUEZvQldKNlNoenVadFlxSDR1cFdyQUVScER3MG5ldzdPaWhpLUlvNVdaS2ZFeS1PZEJTdXdXckZaVXF3R3l6LTdtV05QUzc1U0JzUGhFUlFIZDI1aHgwUG5iWDNKVXTSAd4BQVVfeXFMUGFkaGZ6dUQ2aXVWMXhoM0lFSFZMT3A5bjBjTm8yTTJHdm1Ud2premtVNGJiYU8tRVVONDdZcHlEWTRNUmg0cm9HbklMVEZZRmlwdU50dk5vZmcyeS1aNDhfa0N3SmdkWU1ZWng3ZUEtem55NEk3UEdNWjlzSkx4YmNxVFpKVjdoNmFtZWNMbzNQWXRVV3RBWnk4SHdvUGdzc2JzSHU1VW9wQjI5dldXX2NyR19oQjA5VHBSSnMta0Rla1I4aVd4S0lFRDl3TzhlM3V2anVZaDlwYW9DYWVn?oc=5,2026-05-03
google_en_garlic_crop,2013-11-21,"Garlic goes the onion way, prices cross Rs 100 - The Economic Times","Garlic goes the onion way, prices cross Rs 100    The Economic Times",https://news.google.com/rss/articles/CBMiwAFBVV95cUxQd01USUxkSHR4clc2aDhxODk5bmotSU1RME90WUJwSHN0bnA4SFdIUGRHazJRRUVFSm9hcnB6MjhGSnJpVDBBNEhuejNyNFhTYkJMVGpJSlJRWGZnUmVOSmN3dm01Nkxfc2NWbnpuVVE2OEJQWUFPN0Iwdlo0TFBIdFVVRHByTzROelpmVm1tSURCSVdZMTlSQVl5QTZCYUlIQ3ZpVk9UYWNCd3E4V0NJejFzeHlxaDJKc2dQMDJ5NmM?oc=5,2026-05-03
google_en_garlic,2011-07-03,Garlic prices double in 2 mths - Business Standard,Garlic prices double in 2 mths    Business Standard,https://news.google.com/rss/articles/CBMiogFBVV95cUxPdDI5SHY0R0JyZTQ1M3F3d09IMzRsNnZfTFR3eHVCWVdqWkxTV0VRbGZtTUc1cW5xWjhpQWZkaEFpTHpvblB3THFxUlp4UHg0S3VYOGJLMGJoX25mWkVRbE9zWk13ZFRZcVBoRndWd3phMkNvUjI1N1N1bXhVV050S0pkcUkzeXRYNWRZRHpHdkd0VHVOMmdZN29xdC1Cc1Z3c2fSAacBQVVfeXFMTXVWSUs0cldKXzlnMHY0U3NOdVBjZUFrOFVmX2ZpNXlTTE5iekhtTVBYUWlQT2NNZEdBdUV1SUo1LURHUUVSelpPTXktN2J2cVA5dVpEY3JRdDBjWEN1VEJxdDZMOURKLV8ySkpyR0l0SjhUaDUyRFpDR1BMWmVacDZTSXdBQ0tJOHhNWEV3ZUtIclM0S0E4TEdaUGNBWmpPakp5bDRnVWs?oc=5,2026-05-03
google_en_garlic,2026-02-19,"Kota Gold-Silver Price: Gold Becomes Cheaper, Silver Stable; Know Latest Rates Before Buying - Patrika News","Kota Gold-Silver Price: Gold Becomes Cheaper, Silver Stable; Know Latest Rates Before Buying    Patrika News",https://news.google.com/rss/articles/CBMi0AFBVV95cUxONlA3bklGUXRsS2hfVmliMUkxNEt3X0lCUnJhT0VFZUNYRFEtLWxHXzhnOUo3NEJiR0UyWHFYNENDbUJON0NiRlZTck12UlpCQjJzTU42dDF0SGRvVlc3S21jWVFBM1c1UUJqSnNNTW9DbkE3dzBUd1VSMGxWZXJjTkxiLWFhTXFxeUNuVlJHWGkyMDEzOVVXY1hmZy1GVW9DMDM1eXRramMycEFHZHZ3VHNFOHBjaWlQRzZmcWpOVm8zWTZWSXZZaDdXUlBpZXRv0gHWAUFVX3lxTE55Q1BvRG5GYUJETkRWZDFkM19UbTNvcHdvVnMzR2FRWlZoUmliWjNFLTE3SHJvQUhwN1Zma20zTkZPRmZWV3NqbFl0RnBMNUU2VEZHOUZEamZwaTM4VlNsbGpOdDFKN1l5Tm1ibzJyOVBiTXMwTUNxbUM5OHZndTlReTlJb3hWTGp0MGJjYnNyTUtKU2JLcHVsd1NvVVU2cUpqY2RTcjdXT1hUaTZJWEJ5eUFSak5mcEk0ZEFuQ1FWV3lGZHdVcEpvNklKNEk0ZFFCdHNnUGc?oc=5,2026-05-03
google_hi_lahsun,2026-01-01,"कोटा मंडी भाव: उड़द 50, चना 25 रुपए तेज व लहसुन 500 रुपए मंदा - Dainik Bhaskar","कोटा मंडी भाव: उड़द 50, चना 25 रुपए तेज व लहसुन 500 रुपए मंदा    Dainik Bhaskar",https://news.google.com/rss/articles/CBMi1wFBVV95cUxQN2V1amtpUkwyZVhLbnJuUk9ydjQwdFo5enJNUzlQa3V3X3luNlRlR2RVbTg5Q0JqZGlUa011NlJQcHAyajBMdVAzZ0Y5RkxBSVpQSGhjY19HRGJzNjhFT3ZfVmZTR01Ca2E0cVY2dzVWVzF2Q1ZyQ0QtWi1XNFg4eHJVdWVJbzZ2OFZrUGJBazVtSjJKN2xOZm1XWlJFM1ZpNzNkYmFadndDQmxya2x3SlZfSDBWd3JIUUZEWjlpQ1ptbFR5TWVjOUt0Vm5xVkVTeUdhQW9Zd9IB3AFBVV95cUxPNG9iNDM5LXA3dlpHR0ZreDltTXY4SlFtX0RoYUpFTXlpd3J4REc1elFTSVBNcFFBSHRsYlZmNFJtMlp1QUxUQ1NUc3JNQnhhdnRKS3ZOSy1oM1lQZDBkZ2tlUlhaYml3YkFhTzU3eW1BNFBMbm82enhyRHhlbG5CX1Y5QXphUEJmdXVqY2d3RnFGdDdBb1hJenhNYi1OaHlBc1ZtZV92SFl5S3QxRXdRR0drWXZlaVRyX1ZiLXN3NC03dnFnV2htUXFyOXhxQ0ZfdXJRal9lVnE4eFpl?oc=5,2026-05-03
google_en_garlic,2025-12-29,Vegetable prices fall after surge in supply from nearby farms - The Times of India,Vegetable prices fall after surge in supply from nearby farms    The Times of India,https://news.google.com/rss/articles/CBMi0AFBVV95cUxPR1Q4QVBpZjhMbmpQSjFjSE1jSDlqbmxPNDRVN2pLVFY4M21mU3laTTdRUVY1SE9DemNEdUFSdVlHS3JxRHdNY3NLV0pZTkMxVHIzZ08zcERMbC1XQWpyd0Jrc0d4Rlc1YjZ4UmE5aFhXeVdBdU9RcTZjdVp5aEZkUGl0RHZNN2NETkhHVEtVRmE1YVBtT0RvN0NOd2xzZXVTTDd0eDFhYkk2V0kzYm96NVc3NUpNYTl1UmF0U1UteUFVOVNjS0VUemMtR2RfSGMx0gHWAUFVX3lxTE43b3FkRDlNTm5weXM4YWMwSmZaanU1SzdkcmlOZTBleGtTbEhFRTljakx4LW9zLU5tSGhfeG9TWVgtYkZNOGZVVWgyNW4wQXcyYS1sMDZveldOYWNlN0FMNXloZGkxUk5LTE9wM3BhRDJXR3kzLXlmd3Y0ZENiVVZYbVlPRGtVcGtRYS1oYW5OMmNydkFFS0RNQW1xTEFMSVUyRE9Jb0RsWHpjX3JaLVZDajB1UUxTeDl2VHpZdWpoaVBfZXZFWTdWZUJ3LWYxS1NudDI4SlE?oc=5,2026-05-03
google_hi_lahsun,2025-12-22,अकोदिया मंडी में प्याज 500 से 1500 रुपए बिकी: लहसुन भाव 3000 से 15000 रुपए रहा; आवक में गिरावट दर्ज - Dainik Bhaskar,अकोदिया मंडी में प्याज 500 से 1500 रुपए बिकी: लहसुन भाव 3000 से 15000 रुपए रहा; आवक में गिरावट दर्ज    Dainik Bhaskar,https://news.google.com/rss/articles/CBMivwFBVV95cUxQYVJncGxEMnduaHFoZzlNd3Q5V0l1Q1BvM1FqZkw5V0h6TzdCN2lrSURkMnRnNGl3Y1dVUzBfS3Q1a29faHhaQnlGbVJDR0J5dkhxLUlSN0Y1U3EwMWxIR2pqQm5qLW0xSXhSem5wMlF5UGtncVhMRzBtemJLNk53VEYxMXFSUzFYUnItWFVra3ljUlpKS2d2WmdCNHdLS1pIdGtJb3hiaWJyNHpaUkJMeVZsZUlPSVo4bDA3NUlYMNIBxAFBVV95cUxQZnRBeE1fWXg1NEVSektHUXhBZjZKRWdobzYyT2JIM3dXbVozTzFrQWlVWkszank3amJ5UGMyU2ZOYjY4eENNTXJyb3Riem52TjdjcHc2d0ZNNkV3Y3RfNHVSa3M5Ylh6NUJhWHFXUENGV0ozcC1JNk9GWFBuMDdZY2lyZHRieVR1RDdVeEtoR2RkZHJQdGhkZUZfcE5QR3ZzQndXa0RvaG5NNTNjaVpFajFyaGlXU1N2b3ZYTEpYZXRRUXBY?oc=5,2026-05-03
google_hi_lahsun,2025-12-19,"Muhana Mandi : थोक मंडी में हरी मटर हो रही सस्ती, टमाटर के दामों में गिरावट, लहसुन हुआ और महंगा - Patrika News","Muhana Mandi : थोक मंडी में हरी मटर हो रही सस्ती, टमाटर के दामों में गिरावट, लहसुन हुआ और महंगा    Patrika News",https://news.google.com/rss/articles/CBMigAJBVV95cUxPTlZ3T2s2dFQzODRwQUVzanhjVjVpbnF0eDdMQ09tWFRrcU95bHlZbGxwek1zVF9BNFU3QTllaXJ4a0pNa0ZVaGRJZ0ZwS1RiZURQYno2dW9kaWdBTjZYNUdxTDFEaUNqVklUdGxkM1JXa3RrV19Dd0lROFh4Tldnd2hXak9DWU1mSlRHYlZJSloxUFphS2pCNWZqS1JvV19oUG01Zjl4YjJheGRxSWoxNmE3SlowRkN5QVJMQm1UVTZtWE0wNS04VVdvRjF2aThTLXZmNzJ3bHMyeUw0NEpjUU9hX19ra21HUzJuREFlQ2w0djlRaE1nT2Zrb2lTVTV10gGGAkFVX3lxTE9USVFoemZ0elNGS0Y3Wk80ODRueFprM0JyQl9CZEp1S254cHNFU1pXZ3dDLWpnYTAwMEI0R0NlNDRmVDBxODh4Rzh3aVZEcm03V3BHOUF6RmtVaUcxZTI1aU9HbjNscjJ2WklTLVlSQkFfX1daTG5TcUFObUlRV0p4Z0JSZGgwcjBVSlZEU2JhMXlzVFk2X0lNSy1rZHZ2b09ybHVSem5PN3kxY3lQRjBzV2VsYXBiWWEzY0xtMEkxZ2VaODR3UXEwdmt6NDItWDZTTjdlTFQ4NV9UYWMtUnMzUnhNYl9TSU5uSGwwQU1Zd3R5RkRKUXZfdFJXVkRVdV9DMXNnT1E?oc=5,2026-05-03
google_en_china_garlic,2025-12-11,Mexico faces heavy inflows as garlic supply surges globally - FreshPlaza,Mexico faces heavy inflows as garlic supply surges globally    FreshPlaza,https://news.google.com/rss/articles/CBMiuAFBVV95cUxPc0JnNEdpTjVsRGstblBld3ljeVpIUElWQ293T01FeFVfNXNTMGJUektITXVHY0x3MWgzV0NrakJYTEtMdnFwMi1mUHlvR1hWTHNWT1R0T0xVSkpPczBsM2xSd1kwN0w0SUVkb25pNldYeFJ3MkN1R1d4MnlDM2JJTF9WTjhwelpCX29rblB6aUh1azdvOVFzMW5kVHR1Q19JLUUtZjh5aUticlpYbnN2OUpvelFGTkRP?oc=5,2026-05-03
google_hi_lahsun,2025-12-10,"कोटा मंडी भाव: धान 50, लहसुन 300 रुपए तेज - Dainik Bhaskar","कोटा मंडी भाव: धान 50, लहसुन 300 रुपए तेज    Dainik Bhaskar",https://news.google.com/rss/articles/CBMiuwFBVV95cUxOZV9lVFpKQ1JoV3ppZlFYcDVZanlCQ2dhc1ZGZEMweU0zT2ZkLUlpOUNGWGhzOGt1N0VJSjNzRExLYTAtdTlxOHM3b0FlemRLeXZiZ0MwV0lFcUxQdXIxdEFaQTg5Q3ZlakxGSlFtQU9saThHVWo2S2dpU3NfRGl5ekVuZi1RTEJUTXFUNTBOWHJMS3JENl9IWjJ0YWNfUzlsU0w2cTNQNzdHTmZvTVk5M3RnRHNJRk5iS3Zz0gHAAUFVX3lxTE4wbmNGSzd0c1NCVm0wcm1vZEkwZ1RUZ1BvaS1qZU5hVEZ2amxOUmQ4ZFNWc1dpak9UQmRwcENEZmVGYWFSMmJXUDc1aWZWQjh4TFFJZDVlcXIzb0xaZE16eWVnM29rYWdIMk1UT0c2STM0bzV0NUpLb3diM25ndWFWUjZPdTlYVDV6QS1fT09lZkR2WlpVdldNSGFQZFA0TDVTcFAyOVpHRU5VVGJrQXdZYkJEeUhxQVZTcFhQOVBadQ?oc=5,2026-05-03
google_en_china_garlic,2025-11-07,Tariffs on garlic imports put question mark on pricing - FreshPlaza,Tariffs on garlic imports put question mark on pricing    FreshPlaza,https://news.google.com/rss/articles/CBMisgFBVV95cUxPcmpzeF9hZ285YVFLa1VVQWQtajZwdmlFTzhWTHN5SV8zTmV0ZF85TTIwaHVhQ1RVdXg5VldBeWhiVTBOc3dSd0xGQm1TQVdBZzQyaEZndE1YZVNrYzlITS14aU56N2hFRmg2cERtZjRWeVFtZEtfb2pWRXc3aGZKeVpSZWR3NlN5YTU1Uk4yVFZtZi03TU42a01BRktiSEpCNHJXNTVyRFdRTDV5dkhwU2pn?oc=5,2026-05-03
google_hi_lahsun,2025-07-24,"Muhana Mandi : थोक मंडी में लहसुन के दाम और गिरे, बारीक हरी मिर्च भी हो रही सस्ती - Patrika News","Muhana Mandi : थोक मंडी में लहसुन के दाम और गिरे, बारीक हरी मिर्च भी हो रही सस्ती    Patrika News",https://news.google.com/rss/articles/CBMi6AFBVV95cUxPWDY2VGxHaTllNU40X2ZmTE53d1NCOVFfYlMzQnZzOVpnX1RLZ0hrZHB4MHNjV25PbV9nX3g2X3FRSmM1WW1INC1nWnRaOTB4eEcyTE14NDFTczBxT084TFFHNFY5VXl1RnVFS28zWTJ3OF90NDRCT0JoX0lOWmhoUHhETXZrTXphc1RrX2RDd3FOUHNybjVxYlBzYmxENHRZSTl3YW9kUGRwOWRJWE1Fcy1YX19aWWFhUG1ISW9SQThOR0VjMWh4dzVxWVdIZ193bFdCNXhwSkYzMV9qa3pOaklVREktUUNH0gHuAUFVX3lxTFBiV1dIbWZCUkwwaG9XUGIydDc5eC1EQTFGeFVBUDF1Vmpfc0cxcTdKaWxlNGx6Q2JXcElxZHRGSmNWTDhDNUp0cVpkTXdNaHhSOVJMVlZEclk1OWlQUXp2N2YyTWktVl9VWjZHTFgtV05OSzVpdTBkbEJIU2lQUnJRa1BxN0FObERhM0h4N3l6dk1ObjNuLXMzcUYycUJ0MldaX2JhTC1MRXZPUzJGS1FEZTBnMnpGNGxhMV8xUERRSlBOQldoN2x2bWJXTS1MOVViSXlBRVpyYmd2UU1adXJFcjZvMEszRGo3WTRqTkE?oc=5,2026-05-03
google_en_garlic,2020-02-02,"Prices of Chinese ginger, garlic go up in view of coronavirus threat - Dawn","Prices of Chinese ginger, garlic go up in view of coronavirus threat    Dawn",https://news.google.com/rss/articles/CBMiSEFVX3lxTE5pMWJwQ3lheGYyUzc5VUxvb1IzaE9id3ZlVWdKVld4d3FVcEJjYloyQ0VaUEVnc2VyV2xBVms1bS1sSGJtR1FJVNIBTkFVX3lxTE9rUUJhejkxVVEzelJBeFpGMnB4TkRsYW1VY0xZNmRzeDY0bnBwd1BMOVZ2a2RpbXB0NTFCakRSTmNTaUU4alVuNTJ1ZWUwZw?oc=5,2026-05-03
google_en_china_garlic,2019-04-29,"""The price of Chinese garlic should maintain its high position this season"" - FreshPlaza","""The price of Chinese garlic should maintain its high position this season""    FreshPlaza",https://news.google.com/rss/articles/CBMiywFBVV95cUxOZWh6SXBpMVY5Qkp6U3ZfeGxjNEkzTVNrbVJ1SDBMX1YwNGNGREdhS2tya196cE5WRWgxSXlUbjdXWUZkbDRYRHBPbml6Y0pXMkZsSTJZbFU5QjRYeDdkVnJQQ1ZwcGhPZzVBX1R4LTVrc1oyMTJyd3V0VW40MHU2eXgtSm9sVGJwWVBxa2dyeGxYc0pvR3NaV29BM196RjYyQzFFUnl2M0pBUThMUzF4RWVmNTNHSGJtMFZsV1JleGlhMW10M0t3UWtzZw?oc=5,2026-05-03
